vendor_key,vendor_name,legal_name,address,notes,source_sheet,source_rows,source_checksum
ven_2c42a873619b,Abcon,,"Jakarta, Surabaya, Bali",,List,2,1AB11BD57893424EA226135F670197B31B96B861BA05C0C4962AF5BC8D0FBCEE
ven_e6b9fab18b8e,Acourete,,Jakarta,,List,3,1AB11BD57893424EA226135F670197B31B96B861BA05C0C4962AF5BC8D0FBCEE
ven_5e85416296ce,Acqua Trend,PT Cipta Sani Lestari,Jakarta,,List,4;5,1AB11BD57893424EA226135F670197B31B96B861BA05C0C4962AF5BC8D0FBCEE
ven_a2b387634fb0,Adiguna Masonry Indonesia,,Jakarta,,List,469,1AB11BD57893424EA226135F670197B31B96B861BA05C0C4962AF5BC8D0FBCEE
ven_c63cbc0208b0,Aetrio,CV Afif Jaya Group,Jepara,,List,6;7,1AB11BD57893424EA226135F670197B31B96B861BA05C0C4962AF5BC8D0FBCEE
ven_76a4d65604ad,Agglotech,,"Jakarta, Surabaya, Bali",,List,8,1AB11BD57893424EA226135F670197B31B96B861BA05C0C4962AF5BC8D0FBCEE
ven_f7070d57bbe5,Agora,,Jakarta,,List,9,1AB11BD57893424EA226135F670197B31B96B861BA05C0C4962AF5BC8D0FBCEE
ven_68d29c339696,Aiga,,Jakarta,,List,10,1AB11BD57893424EA226135F670197B31B96B861BA05C0C4962AF5BC8D0FBCEE
ven_85f795e6c187,Alco Blind,PT Alco Sarijaya,"Jakarta, Bali",,List,11,1AB11BD57893424EA226135F670197B31B96B861BA05C0C4962AF5BC8D0FBCEE
ven_82150fbdf006,Allegra,,Jakarta,,List,12,1AB11BD57893424EA226135F670197B31B96B861BA05C0C4962AF5BC8D0FBCEE
ven_e965b0293fa7,Allurahomefabrics,,Jakarta,,List,13,1AB11BD57893424EA226135F670197B31B96B861BA05C0C4962AF5BC8D0FBCEE
ven_6c22d8aee4be,Almafloor,,"Jakarta, Jawa tengah, DIY",,List,14,1AB11BD57893424EA226135F670197B31B96B861BA05C0C4962AF5BC8D0FBCEE
ven_4362c9e06613,Aluveen,PT Exinergy Mitra Inovasi (EMI),Tangerang selatan,,List,15,1AB11BD57893424EA226135F670197B31B96B861BA05C0C4962AF5BC8D0FBCEE
ven_7ec85c46278e,Amardeep Interior,,Jakarta,,List,16,1AB11BD57893424EA226135F670197B31B96B861BA05C0C4962AF5BC8D0FBCEE
ven_155e8b073459,Amidoorlight,PT AMI (Aera Mitra Indonesia),Jakarta,,List,17,1AB11BD57893424EA226135F670197B31B96B861BA05C0C4962AF5BC8D0FBCEE
ven_eaa1cfe59761,Antikmebel,,Jakarta,,List,18,1AB11BD57893424EA226135F670197B31B96B861BA05C0C4962AF5BC8D0FBCEE
ven_4482ca81f4e5,Architech Indonesia,,Jakarta,,List,19,1AB11BD57893424EA226135F670197B31B96B861BA05C0C4962AF5BC8D0FBCEE
ven_8eda3f28e9de,Arcomarmer,PT Arcobaleno Gramarindo,Jakarta,,List,20;21,1AB11BD57893424EA226135F670197B31B96B861BA05C0C4962AF5BC8D0FBCEE
ven_f6a025a0224b,Arde,,Jakarta,,List,22,1AB11BD57893424EA226135F670197B31B96B861BA05C0C4962AF5BC8D0FBCEE
ven_f06965c558f1,Ardente lightning,,Jakarta,,List,23,1AB11BD57893424EA226135F670197B31B96B861BA05C0C4962AF5BC8D0FBCEE
ven_4e8a7f35531a,Armonia Paint,,"Jakarta, Bali",,List,24,1AB11BD57893424EA226135F670197B31B96B861BA05C0C4962AF5BC8D0FBCEE
ven_795f1b827bd0,Arna,,Jakarta,,List,25,1AB11BD57893424EA226135F670197B31B96B861BA05C0C4962AF5BC8D0FBCEE
ven_08e64401daf2,Artemi Zenith,PT Artemi Zenith International,"Jakarta, Surabaya",,List,26;27,1AB11BD57893424EA226135F670197B31B96B861BA05C0C4962AF5BC8D0FBCEE
ven_79b94f083126,Artisanwood,,"Jakarta, Surabaya",,List,28,1AB11BD57893424EA226135F670197B31B96B861BA05C0C4962AF5BC8D0FBCEE
ven_2be6af814443,Arturo Paint,PT Sapta Kurnia Kimia Abadi,"Jakarta, Bandung",,List,29,1AB11BD57893424EA226135F670197B31B96B861BA05C0C4962AF5BC8D0FBCEE
ven_c65af8319e3f,Ashetiles,,Tangerang,,List,30,1AB11BD57893424EA226135F670197B31B96B861BA05C0C4962AF5BC8D0FBCEE
ven_f33cfa0216cd,Astana ID,,Jakarta,,List,31,1AB11BD57893424EA226135F670197B31B96B861BA05C0C4962AF5BC8D0FBCEE
ven_1a0c16850796,Ataya,,Malang,,List,32,1AB11BD57893424EA226135F670197B31B96B861BA05C0C4962AF5BC8D0FBCEE
ven_30c584c63614,Ateja,,Bandung,,List,33,1AB11BD57893424EA226135F670197B31B96B861BA05C0C4962AF5BC8D0FBCEE
ven_ca6b032dc4e1,Ateson Home,,"Jakarta, Bandung, Bali",,List,34;35;36,1AB11BD57893424EA226135F670197B31B96B861BA05C0C4962AF5BC8D0FBCEE
ven_1c5b517de9c2,Atipa,PT Adiwarna Pratama Indonesia,Jakarta,,List,37,1AB11BD57893424EA226135F670197B31B96B861BA05C0C4962AF5BC8D0FBCEE
ven_d85c8f805358,Avere,,Jakarta,,List,38,1AB11BD57893424EA226135F670197B31B96B861BA05C0C4962AF5BC8D0FBCEE
ven_69cf8458ee23,Balian Decorative,PT Mega Kapuas Dinamik,Jakarta,,List,39;40;41;42,1AB11BD57893424EA226135F670197B31B96B861BA05C0C4962AF5BC8D0FBCEE
ven_e89b09934b29,Bambusa Bali,,Bali,,List,43,1AB11BD57893424EA226135F670197B31B96B861BA05C0C4962AF5BC8D0FBCEE
ven_8a5ef25edfd4,Bata Antasari 34,,Jakarta,,List,44,1AB11BD57893424EA226135F670197B31B96B861BA05C0C4962AF5BC8D0FBCEE
ven_3a94be355dc9,Batara Living,,Jakarta,,List,45,1AB11BD57893424EA226135F670197B31B96B861BA05C0C4962AF5BC8D0FBCEE
ven_049e84c86326,Batavia Living Furniture,,Jakarta,,List,46,1AB11BD57893424EA226135F670197B31B96B861BA05C0C4962AF5BC8D0FBCEE
ven_777799fa8927,BDA Group,PT Bangun Delta Abadi,Jakarta,,List,47;48;49;50;51,1AB11BD57893424EA226135F670197B31B96B861BA05C0C4962AF5BC8D0FBCEE
ven_1062cd9aa659,Bell Living Lab,PT Kurva Lonceng Khatulistiwa,Bandung,,List,52,1AB11BD57893424EA226135F670197B31B96B861BA05C0C4962AF5BC8D0FBCEE
ven_d736b0e83afa,Ben Wood,PT Rumah Kayu Kita,Jakarta,,List,53,1AB11BD57893424EA226135F670197B31B96B861BA05C0C4962AF5BC8D0FBCEE
ven_6addd4403159,Beninca,PT Lautan Cipta Kreasi,Jakarta,,List,54,1AB11BD57893424EA226135F670197B31B96B861BA05C0C4962AF5BC8D0FBCEE
ven_483235d4faaa,Beta Living,,Jakarta,,List,55,1AB11BD57893424EA226135F670197B31B96B861BA05C0C4962AF5BC8D0FBCEE
ven_6f3815f1a7a8,Beyond Floor,,Jakarta,,List,56,1AB11BD57893424EA226135F670197B31B96B861BA05C0C4962AF5BC8D0FBCEE
ven_bfd7c0b552fe,Bianconero Compressa,,Jakarta,,List,57,1AB11BD57893424EA226135F670197B31B96B861BA05C0C4962AF5BC8D0FBCEE
ven_a0247b3dc1d3,Bilionite,PT Gunung Putri Anugrahisa,Jakarta,,List,58,1AB11BD57893424EA226135F670197B31B96B861BA05C0C4962AF5BC8D0FBCEE
ven_274825f0f66e,Biruindonesia,,Jakarta,,List,59,1AB11BD57893424EA226135F670197B31B96B861BA05C0C4962AF5BC8D0FBCEE
ven_53350e5acd3d,Blackwood,,"Jakarta, Surabaya",,List,60,1AB11BD57893424EA226135F670197B31B96B861BA05C0C4962AF5BC8D0FBCEE
ven_435d2affb78f,Blue Scope,,Jakarta,,List,61,1AB11BD57893424EA226135F670197B31B96B861BA05C0C4962AF5BC8D0FBCEE
ven_a89a8486d095,BODAQ by Hyundai L&C,,Jakarta,,List,62,1AB11BD57893424EA226135F670197B31B96B861BA05C0C4962AF5BC8D0FBCEE
ven_590f5ec48334,Bottega Artisan,PT Berkat Artisan Indonesia,Tangerang,,List,63,1AB11BD57893424EA226135F670197B31B96B861BA05C0C4962AF5BC8D0FBCEE
ven_dd2051ab9f98,BOWE,,Tangerang,,List,64;65;66,1AB11BD57893424EA226135F670197B31B96B861BA05C0C4962AF5BC8D0FBCEE
ven_8d4b98b9edbe,Brescia,,Bali,,List,67;68,1AB11BD57893424EA226135F670197B31B96B861BA05C0C4962AF5BC8D0FBCEE
ven_b205a60c720b,Brewsuniq Space,,Tangerang,,List,69,1AB11BD57893424EA226135F670197B31B96B861BA05C0C4962AF5BC8D0FBCEE
ven_f67e0d29303c,Bunka Panca Karya,,Jakarta,,List,70,1AB11BD57893424EA226135F670197B31B96B861BA05C0C4962AF5BC8D0FBCEE
ven_272a95c988a1,Byoliving,,Jakarta,,List,71,1AB11BD57893424EA226135F670197B31B96B861BA05C0C4962AF5BC8D0FBCEE
ven_081845095d69,Byucksan - Paper Yarn,,Jakarta,,List,72,1AB11BD57893424EA226135F670197B31B96B861BA05C0C4962AF5BC8D0FBCEE
ven_626aa2f881e1,Cambium Home,CV Cambium Furniture,Jepara,,List,73,1AB11BD57893424EA226135F670197B31B96B861BA05C0C4962AF5BC8D0FBCEE
ven_0567cff5547d,CARA Living,,Jakarta,,List,74,1AB11BD57893424EA226135F670197B31B96B861BA05C0C4962AF5BC8D0FBCEE
ven_d9e213342b64,Cattelan Italia,,"Jakarta, Surabaya, Bandung, Medan",,List,75,1AB11BD57893424EA226135F670197B31B96B861BA05C0C4962AF5BC8D0FBCEE
ven_7ee65a7f0774,Cellux Ceiling,,Jakarta,,List,76,1AB11BD57893424EA226135F670197B31B96B861BA05C0C4962AF5BC8D0FBCEE
ven_e15f0e6c5390,Cemtex Innovation,,Jakarta,,List,77,1AB11BD57893424EA226135F670197B31B96B861BA05C0C4962AF5BC8D0FBCEE
ven_6c51b303a913,Centralite,PT Centralite Anugerah Indah,Jakarta,,List,78;79,1AB11BD57893424EA226135F670197B31B96B861BA05C0C4962AF5BC8D0FBCEE
ven_329cf5a75892,Christ Wood,PT Putra Adi Sinar Sentausa (PT PASS),Surabaya,,List,80,1AB11BD57893424EA226135F670197B31B96B861BA05C0C4962AF5BC8D0FBCEE
ven_07dec2e349b4,Chroma Asia,,Jakarta,,List,81,1AB11BD57893424EA226135F670197B31B96B861BA05C0C4962AF5BC8D0FBCEE
ven_438d88760954,Cipta Semula Laminates,Cipta Semula,Tangerang,,List,82,1AB11BD57893424EA226135F670197B31B96B861BA05C0C4962AF5BC8D0FBCEE
ven_8b3a5104d47e,Citatah,,Jakarta,,List,83;84;85;86;87;88,1AB11BD57893424EA226135F670197B31B96B861BA05C0C4962AF5BC8D0FBCEE
ven_65d80bb3afbe,Clayxible,PT Indah Forindo,Surabaya,,List,89,1AB11BD57893424EA226135F670197B31B96B861BA05C0C4962AF5BC8D0FBCEE
ven_3d51c76427a1,Colortek,PT Decora Jaya Indonesia,Tangerang Selatan,,List,90,1AB11BD57893424EA226135F670197B31B96B861BA05C0C4962AF5BC8D0FBCEE
ven_7c714208a17a,Coloursofchroma,PT Chroma Sinergi Indonesia,Tangerang,,List,91,1AB11BD57893424EA226135F670197B31B96B861BA05C0C4962AF5BC8D0FBCEE
ven_8d5352e3e11a,Cordial,PT Cordialels Sistem Furniture,Jakarta,,List,92,1AB11BD57893424EA226135F670197B31B96B861BA05C0C4962AF5BC8D0FBCEE
ven_08475a7b7041,Creative Lighting Asia,,"Jakarta, Bali",,List,93,1AB11BD57893424EA226135F670197B31B96B861BA05C0C4962AF5BC8D0FBCEE
ven_ac78a71c6338,Creatura Dekorasi,PT Creatura Dekorasi,Jakarta,,List,94,1AB11BD57893424EA226135F670197B31B96B861BA05C0C4962AF5BC8D0FBCEE
ven_9b9673f7e54b,CSL Leather,Berkat Unggul Pratama,"Jakarta, Bandung, Bali",,List,95;96,1AB11BD57893424EA226135F670197B31B96B861BA05C0C4962AF5BC8D0FBCEE
ven_e4065125debd,D'Grassada,PT Reneo Grasada,Tangerang,,List,97,1AB11BD57893424EA226135F670197B31B96B861BA05C0C4962AF5BC8D0FBCEE
ven_bb6f5dd0a1d0,Dastor Indonesia,PT Dastor Akses Setia,Jakarta,,List,98,1AB11BD57893424EA226135F670197B31B96B861BA05C0C4962AF5BC8D0FBCEE
ven_34fa1da2ea67,Deepa Lighting,,Surabaya,,List,99,1AB11BD57893424EA226135F670197B31B96B861BA05C0C4962AF5BC8D0FBCEE
ven_d5618dc78a72,Deka Sistemi,PT Dekor Arya Interindo,Jakarta,,List,100,1AB11BD57893424EA226135F670197B31B96B861BA05C0C4962AF5BC8D0FBCEE
ven_166451aae1e0,Dekkson,PT Fajar Lestari Sejati,Jakarta,,List,101;102;103;104,1AB11BD57893424EA226135F670197B31B96B861BA05C0C4962AF5BC8D0FBCEE
ven_aa2f10b811c1,Delica Aluminium,,"Jakarta, Surabaya, Medan",,List,105,1AB11BD57893424EA226135F670197B31B96B861BA05C0C4962AF5BC8D0FBCEE
ven_7e89e4e5822e,Desso by Tarkett,,Asia,,List,106,1AB11BD57893424EA226135F670197B31B96B861BA05C0C4962AF5BC8D0FBCEE
ven_a8f855fdd87d,Dextron,,Jakarta,,List,107,1AB11BD57893424EA226135F670197B31B96B861BA05C0C4962AF5BC8D0FBCEE
ven_683e9fe8a233,DH Casa,,Jakarta,,List,108,1AB11BD57893424EA226135F670197B31B96B861BA05C0C4962AF5BC8D0FBCEE
ven_06e29c005cf2,Diva Furniture,,Jepara,,List,109,1AB11BD57893424EA226135F670197B31B96B861BA05C0C4962AF5BC8D0FBCEE
ven_9a9b5d81b7c0,Diverso,,Jakarta,,List,110;111,1AB11BD57893424EA226135F670197B31B96B861BA05C0C4962AF5BC8D0FBCEE
ven_ca4db976fdeb,Djalin,,Jakarta,,List,112,1AB11BD57893424EA226135F670197B31B96B861BA05C0C4962AF5BC8D0FBCEE
ven_17d6ea7fcaba,Doorhandle,,Jakarta,,List,113,1AB11BD57893424EA226135F670197B31B96B861BA05C0C4962AF5BC8D0FBCEE
ven_969bc72c6ee5,Dormakaba Group,PT Bahtera Cipta Raga,Jakarta,,List,114,1AB11BD57893424EA226135F670197B31B96B861BA05C0C4962AF5BC8D0FBCEE
ven_68902a22673b,Dphaus,,"Jakarta, Surabaya",,List,115,1AB11BD57893424EA226135F670197B31B96B861BA05C0C4962AF5BC8D0FBCEE
ven_55002693861a,Duma,PT Sumber Djaja Perkasa,"Jakarta, Surabaya",,List,116;117,1AB11BD57893424EA226135F670197B31B96B861BA05C0C4962AF5BC8D0FBCEE
ven_bc70ffa782c1,Ecourban,PT Ecourban Pola Teknologi,Tangerang,,List,118,1AB11BD57893424EA226135F670197B31B96B861BA05C0C4962AF5BC8D0FBCEE
ven_a8a649ce5f7b,EDL,PT EDL Design Indonesia,Tangerang,,List,119,1AB11BD57893424EA226135F670197B31B96B861BA05C0C4962AF5BC8D0FBCEE
ven_9c83d6361566,Elca,,Jakarta,,List,120,1AB11BD57893424EA226135F670197B31B96B861BA05C0C4962AF5BC8D0FBCEE
ven_ad6cf204686c,Eleganza Tiles,,Jakarta,,List,121,1AB11BD57893424EA226135F670197B31B96B861BA05C0C4962AF5BC8D0FBCEE
ven_ed39aaf0ca39,Elite Glass,,Medan,,List,122,1AB11BD57893424EA226135F670197B31B96B861BA05C0C4962AF5BC8D0FBCEE
ven_a0198c38063b,Ellogrin,PT. Apolo Industri Sukses Harmonis,Jakarta,,List,123,1AB11BD57893424EA226135F670197B31B96B861BA05C0C4962AF5BC8D0FBCEE
ven_9a4670f03f8a,Enchanting,,Jakarta,,List,124,1AB11BD57893424EA226135F670197B31B96B861BA05C0C4962AF5BC8D0FBCEE
ven_a0da361379a2,ENVIRO,,"Surabaya, Bali",,List,125,1AB11BD57893424EA226135F670197B31B96B861BA05C0C4962AF5BC8D0FBCEE
ven_9c0000bf2ce6,Estica International,,"Jakarta, Surabaya",,List,126,1AB11BD57893424EA226135F670197B31B96B861BA05C0C4962AF5BC8D0FBCEE
ven_7986297c322d,Eterna,PT Eterna Multi Kreasi,Jakarta,,List,127,1AB11BD57893424EA226135F670197B31B96B861BA05C0C4962AF5BC8D0FBCEE
ven_0de6ff1bdb5e,Etivo Indonesia,PT Elko Citra Indonesia,Jakarta,,List,128,1AB11BD57893424EA226135F670197B31B96B861BA05C0C4962AF5BC8D0FBCEE
ven_d9dda9d154b8,Evergreen Trees,,Jakarta,,List,129,1AB11BD57893424EA226135F670197B31B96B861BA05C0C4962AF5BC8D0FBCEE
ven_66a424a9a958,Every,,Jakarta,,List,130,1AB11BD57893424EA226135F670197B31B96B861BA05C0C4962AF5BC8D0FBCEE
ven_cc2ecce83f84,Every collection,,Jakarta,,List,478,1AB11BD57893424EA226135F670197B31B96B861BA05C0C4962AF5BC8D0FBCEE
ven_78df057b8002,Expose Concrete,,Jakarta,,List,131,1AB11BD57893424EA226135F670197B31B96B861BA05C0C4962AF5BC8D0FBCEE
ven_a4503cde645f,Fabrica Indonesia,,Jakarta,,List,132,1AB11BD57893424EA226135F670197B31B96B861BA05C0C4962AF5BC8D0FBCEE
ven_f615ca4de3e8,Fenstela,,Jakarta,,List,133,1AB11BD57893424EA226135F670197B31B96B861BA05C0C4962AF5BC8D0FBCEE
ven_55ff221ff4b0,Ferrum,,Jakarta,,List,134,1AB11BD57893424EA226135F670197B31B96B861BA05C0C4962AF5BC8D0FBCEE
ven_be8712f7a130,Fideco,,Jakarta,,List,135,1AB11BD57893424EA226135F670197B31B96B861BA05C0C4962AF5BC8D0FBCEE
ven_0caad04c6b09,Fio,,Jakarta,,List,136,1AB11BD57893424EA226135F670197B31B96B861BA05C0C4962AF5BC8D0FBCEE
ven_62dd0db411ef,Fobuma,,Jakarta,,List,137,1AB11BD57893424EA226135F670197B31B96B861BA05C0C4962AF5BC8D0FBCEE
ven_cbe7bf39c3eb,Foresco,,Jakarta,,List,138,1AB11BD57893424EA226135F670197B31B96B861BA05C0C4962AF5BC8D0FBCEE
ven_2c4062e4ecc5,Forluxe,PT. Forluxe Decorindo Sentosa,"Jakarta, Surabaya (on going Samarinda, Makassar, Batam)",,List,139,1AB11BD57893424EA226135F670197B31B96B861BA05C0C4962AF5BC8D0FBCEE
ven_ea6b819f4338,Forme Furniture,,"Jakarta, Surabaya, Semarang",,List,140,1AB11BD57893424EA226135F670197B31B96B861BA05C0C4962AF5BC8D0FBCEE
ven_9e8e4c9ce97f,Formwell,PT Formwell Product,Jakarta,,List,141,1AB11BD57893424EA226135F670197B31B96B861BA05C0C4962AF5BC8D0FBCEE
ven_46f323f24d67,Fortress Pintu Baja,,Tangerang,,List,142,1AB11BD57893424EA226135F670197B31B96B861BA05C0C4962AF5BC8D0FBCEE
ven_2885d8d02714,Frame Work,,"Jakarta, Bandung, Medan, Surabaya, Bali",,List,143,1AB11BD57893424EA226135F670197B31B96B861BA05C0C4962AF5BC8D0FBCEE
ven_f399f49bdfe7,Fronterra,PT YKK AP Indonesia,"Jakarta, Surabaya",,List,144,1AB11BD57893424EA226135F670197B31B96B861BA05C0C4962AF5BC8D0FBCEE
ven_c3395305be81,Fu Texture,,,,List,145,1AB11BD57893424EA226135F670197B31B96B861BA05C0C4962AF5BC8D0FBCEE
ven_9396976be66f,Fusion Local,,Jakarta,,List,146;147,1AB11BD57893424EA226135F670197B31B96B861BA05C0C4962AF5BC8D0FBCEE
ven_9ca3d53c9c5f,GAIA Wallpanel,,Jakarta,,List,148,1AB11BD57893424EA226135F670197B31B96B861BA05C0C4962AF5BC8D0FBCEE
ven_b4bc9db6bb70,Galeri Jati Asli,,"Jakarta, Solo",,List,149,1AB11BD57893424EA226135F670197B31B96B861BA05C0C4962AF5BC8D0FBCEE
ven_c9015464958c,Galleria,,"Jakarta, Surabaya, Semarang, Medan, Bali",,List,150,1AB11BD57893424EA226135F670197B31B96B861BA05C0C4962AF5BC8D0FBCEE
ven_deabb7a07608,Gammapaint,,Jakarta,,List,151,1AB11BD57893424EA226135F670197B31B96B861BA05C0C4962AF5BC8D0FBCEE
ven_31d7ef19c54d,Gatra Marmer,,Tangerang,,List,152;153,1AB11BD57893424EA226135F670197B31B96B861BA05C0C4962AF5BC8D0FBCEE
ven_5993c0e0e7de,Germany Brilliant,,Bekasi,,List,154,1AB11BD57893424EA226135F670197B31B96B861BA05C0C4962AF5BC8D0FBCEE
ven_769b752188c5,Globalindo Sinar Perkasa,,Bandung,,List,155,1AB11BD57893424EA226135F670197B31B96B861BA05C0C4962AF5BC8D0FBCEE
ven_3799141fe212,Glorall Indonesia,,Tangerang,,List,156,1AB11BD57893424EA226135F670197B31B96B861BA05C0C4962AF5BC8D0FBCEE
ven_5e31bd9b2818,GMR Marble,,Medan,,List,157,1AB11BD57893424EA226135F670197B31B96B861BA05C0C4962AF5BC8D0FBCEE
ven_d05d45d50213,Grandome Indonesia,,Jakarta,,List,158,1AB11BD57893424EA226135F670197B31B96B861BA05C0C4962AF5BC8D0FBCEE
ven_1ff42278ed14,Granito,,Jakarta,,List,159,1AB11BD57893424EA226135F670197B31B96B861BA05C0C4962AF5BC8D0FBCEE
ven_939258615867,Granroof,PT YKK AP Indonesia,"Jakarta, Surabaya",,List,160,1AB11BD57893424EA226135F670197B31B96B861BA05C0C4962AF5BC8D0FBCEE
ven_2ec8a2d6c77b,Green Alu,,"Jakarta, Medan",,List,161,1AB11BD57893424EA226135F670197B31B96B861BA05C0C4962AF5BC8D0FBCEE
ven_a1ed656e82e1,Green Leaves,,Bekasi,,List,162,1AB11BD57893424EA226135F670197B31B96B861BA05C0C4962AF5BC8D0FBCEE
ven_59a0a9b4b273,Green Teak,,Jakarta,,List,163;164;165,1AB11BD57893424EA226135F670197B31B96B861BA05C0C4962AF5BC8D0FBCEE
ven_c00a073f0582,"Habitat, Milan Tiles",,"Jakarta, Surabaya",,List,166;167,1AB11BD57893424EA226135F670197B31B96B861BA05C0C4962AF5BC8D0FBCEE
ven_f179f6cc9968,Habitus Concept,,Jakarta,,List,168,1AB11BD57893424EA226135F670197B31B96B861BA05C0C4962AF5BC8D0FBCEE
ven_67187b2a8b9a,Hafele,PT Hafele Indotama,Tangerang,,List,169,1AB11BD57893424EA226135F670197B31B96B861BA05C0C4962AF5BC8D0FBCEE
ven_ec7c23a2ceed,Hale Magis,,Jakarta,,List,170,1AB11BD57893424EA226135F670197B31B96B861BA05C0C4962AF5BC8D0FBCEE
ven_c1f76e1cdc6a,Harfit,Pilar Inti Fittindo,Jakarta,,List,171;172;173;174;175;176;177;178;179,1AB11BD57893424EA226135F670197B31B96B861BA05C0C4962AF5BC8D0FBCEE
ven_9a5c65e45b2b,High Point,,Jakarta,,List,180;181;182,1AB11BD57893424EA226135F670197B31B96B861BA05C0C4962AF5BC8D0FBCEE
ven_b06889103703,Higold,,"Jakarta, Bandung, Palembang",,List,183,1AB11BD57893424EA226135F670197B31B96B861BA05C0C4962AF5BC8D0FBCEE
ven_5d5d130af2ea,Idecemerlang,,Bantul,,List,184,1AB11BD57893424EA226135F670197B31B96B861BA05C0C4962AF5BC8D0FBCEE
ven_a26ab4c0c0f4,Idefab,,"Jakarta, Bali",,List,185,1AB11BD57893424EA226135F670197B31B96B861BA05C0C4962AF5BC8D0FBCEE
ven_131b8fef76fd,Iluma,,Jakarta,,List,186,1AB11BD57893424EA226135F670197B31B96B861BA05C0C4962AF5BC8D0FBCEE
ven_d83e31f2d681,Iluma Lighting,,Jakarta,,List,187,1AB11BD57893424EA226135F670197B31B96B861BA05C0C4962AF5BC8D0FBCEE
ven_8dffa06cd9a2,INAX,LIXIL,"Jakarta, Bandung",,List,188;189,1AB11BD57893424EA226135F670197B31B96B861BA05C0C4962AF5BC8D0FBCEE
ven_6715fea65fad,Indah Alam,,Jakarta,,List,190,1AB11BD57893424EA226135F670197B31B96B861BA05C0C4962AF5BC8D0FBCEE
ven_df6cde4db8e1,Indie.furn,,Jakarta,,List,191,1AB11BD57893424EA226135F670197B31B96B861BA05C0C4962AF5BC8D0FBCEE
ven_a95dcaf2644e,Indogress,PT Dutakreasi Bersama Realtindo,Jakarta,,List,192,1AB11BD57893424EA226135F670197B31B96B861BA05C0C4962AF5BC8D0FBCEE
ven_abc55f73dad5,Indospace,,Jakarta,,List,193,1AB11BD57893424EA226135F670197B31B96B861BA05C0C4962AF5BC8D0FBCEE
ven_b0fbddb4123c,Infiniti,PT Surya Multi Cemerlang,Bandung,,List,194,1AB11BD57893424EA226135F670197B31B96B861BA05C0C4962AF5BC8D0FBCEE
ven_5ca04f4cf64b,Inka Glass,,Tangerang,,List,195,1AB11BD57893424EA226135F670197B31B96B861BA05C0C4962AF5BC8D0FBCEE
ven_236b51eb064f,Inome Houseware,,Jakarta,,List,196,1AB11BD57893424EA226135F670197B31B96B861BA05C0C4962AF5BC8D0FBCEE
ven_5d557e2a8d36,Inovasi Adiwarna Raya,,Jakarta,,List,479,1AB11BD57893424EA226135F670197B31B96B861BA05C0C4962AF5BC8D0FBCEE
ven_11b26a3fab78,Inston,PT Solusi Lantai Utama,Jakarta,,List,197,1AB11BD57893424EA226135F670197B31B96B861BA05C0C4962AF5BC8D0FBCEE
ven_0ee811b5ad8c,Interiorfurniturestore,,Jepara,,List,198,1AB11BD57893424EA226135F670197B31B96B861BA05C0C4962AF5BC8D0FBCEE
ven_de53b2c64fcc,Inti Solar,,Jakarta,,List,199,1AB11BD57893424EA226135F670197B31B96B861BA05C0C4962AF5BC8D0FBCEE
ven_1c823031c735,Jati Tari Meubel,,Jepara,,List,200,1AB11BD57893424EA226135F670197B31B96B861BA05C0C4962AF5BC8D0FBCEE
ven_86e59e7028b6,JSM Lighting by Skylite,PT. Jagat Surya Masindo,Jakarta,,List,201,1AB11BD57893424EA226135F670197B31B96B861BA05C0C4962AF5BC8D0FBCEE
ven_6f04229ee25c,Kacaruma,PT Kaca Ruma Indonesia,Tangerang,,List,202,1AB11BD57893424EA226135F670197B31B96B861BA05C0C4962AF5BC8D0FBCEE
ven_fb07fe30d11b,Kai Space - Kai Gallery,,Jakarta,,List,203,1AB11BD57893424EA226135F670197B31B96B861BA05C0C4962AF5BC8D0FBCEE
ven_8753e447e2c2,Kaiiliving,,Bandung,,List,204,1AB11BD57893424EA226135F670197B31B96B861BA05C0C4962AF5BC8D0FBCEE
ven_34b86361e18a,Kaisheng,PT Kaisheng Building Material,Jakarta,,List,205,1AB11BD57893424EA226135F670197B31B96B861BA05C0C4962AF5BC8D0FBCEE
ven_0e5d187b3e53,Kammer,,Jakarta,,List,206;207;208,1AB11BD57893424EA226135F670197B31B96B861BA05C0C4962AF5BC8D0FBCEE
ven_76c17381af93,Karang Pilang,,BSD,,List,209,1AB11BD57893424EA226135F670197B31B96B861BA05C0C4962AF5BC8D0FBCEE
ven_655c0110d494,Karya Graha Cemerlang,PT Karya Graha Cahaya,Jakarta,,List,210,1AB11BD57893424EA226135F670197B31B96B861BA05C0C4962AF5BC8D0FBCEE
ven_cd7d80c914c8,Katta Indonesia,,Jakarta,,List,211,1AB11BD57893424EA226135F670197B31B96B861BA05C0C4962AF5BC8D0FBCEE
ven_d99f9b9062d1,Kayu Alam,,Bekasi,,List,212,1AB11BD57893424EA226135F670197B31B96B861BA05C0C4962AF5BC8D0FBCEE
ven_8f87dd224ae5,Kayu Asri,PT Kayu Asri indonesia,Jakarta,,List,213,1AB11BD57893424EA226135F670197B31B96B861BA05C0C4962AF5BC8D0FBCEE
ven_f7a18745a428,Kayu Emas,,Jepara,,List,214,1AB11BD57893424EA226135F670197B31B96B861BA05C0C4962AF5BC8D0FBCEE
ven_91318d139327,Kayu Lapis Indonesia,PT Kayu Lapis Indonesia,Kendal - Jawa Tengah,,List,215;216,1AB11BD57893424EA226135F670197B31B96B861BA05C0C4962AF5BC8D0FBCEE
ven_d1eb8aaf61cc,KD Panels,,Jakarta,,List,217,1AB11BD57893424EA226135F670197B31B96B861BA05C0C4962AF5BC8D0FBCEE
ven_3e33ff231d04,Kertasive,,Tangerang,,List,218,1AB11BD57893424EA226135F670197B31B96B861BA05C0C4962AF5BC8D0FBCEE
ven_ce0b4658a20f,Kingtas,,Jakarta,,List,465,1AB11BD57893424EA226135F670197B31B96B861BA05C0C4962AF5BC8D0FBCEE
ven_32e7ed0a463c,Kitto Furniture,,Jakarta,,List,219,1AB11BD57893424EA226135F670197B31B96B861BA05C0C4962AF5BC8D0FBCEE
ven_f9d6b98f4733,KKPL Indonesia,,Batam,,List,477,1AB11BD57893424EA226135F670197B31B96B861BA05C0C4962AF5BC8D0FBCEE
ven_f038fb53bba7,Knobs And Pulls,,Surabaya,,List,220,1AB11BD57893424EA226135F670197B31B96B861BA05C0C4962AF5BC8D0FBCEE
ven_7bab18bf0925,Kodai Door,,Bekasi,,List,221,1AB11BD57893424EA226135F670197B31B96B861BA05C0C4962AF5BC8D0FBCEE
ven_23bef74fe7b1,Koru,PT Bangunan Jaya Cemerlang,Jakarta,,List,222;223,1AB11BD57893424EA226135F670197B31B96B861BA05C0C4962AF5BC8D0FBCEE
ven_20a79cf093bb,Kreasiveneer Indonesia,,Tangerang,,List,224,1AB11BD57893424EA226135F670197B31B96B861BA05C0C4962AF5BC8D0FBCEE
ven_eeeb264106e7,Kumeli Terrazo,,Jakarta,,List,225,1AB11BD57893424EA226135F670197B31B96B861BA05C0C4962AF5BC8D0FBCEE
ven_b34ff857c0e5,Lalapis,,"Jakarta, Bekasi, Bandung, Bali",,List,226,1AB11BD57893424EA226135F670197B31B96B861BA05C0C4962AF5BC8D0FBCEE
ven_17a0febff7e5,Lalauce Lighting,,Jakarta,,List,227,1AB11BD57893424EA226135F670197B31B96B861BA05C0C4962AF5BC8D0FBCEE
ven_a595de6329a5,Lanrose Painting,,Jakarta,,List,228,1AB11BD57893424EA226135F670197B31B96B861BA05C0C4962AF5BC8D0FBCEE
ven_29c1879a4fa5,Lantai Kayu Surabaya,,Surabaya,,List,229,1AB11BD57893424EA226135F670197B31B96B861BA05C0C4962AF5BC8D0FBCEE
ven_6df355082f07,Lantekayu,,Jakarta,,List,230;231,1AB11BD57893424EA226135F670197B31B96B861BA05C0C4962AF5BC8D0FBCEE
ven_a2258ca102d8,Latif Living,,Bali,,List,467,1AB11BD57893424EA226135F670197B31B96B861BA05C0C4962AF5BC8D0FBCEE
ven_088234abfcc2,Latterday,,Jawa Tengah,,List,232,1AB11BD57893424EA226135F670197B31B96B861BA05C0C4962AF5BC8D0FBCEE
ven_07598aa32eeb,Lava Solid Surface,,Jakarta,,List,233;234,1AB11BD57893424EA226135F670197B31B96B861BA05C0C4962AF5BC8D0FBCEE
ven_6e8d4a745c3f,Lb.interiorceiling,,Jakarta,,List,480,1AB11BD57893424EA226135F670197B31B96B861BA05C0C4962AF5BC8D0FBCEE
ven_968c18cd803c,Leder Haus,,"Jakarta, Bandung, Bali",,List,235,1AB11BD57893424EA226135F670197B31B96B861BA05C0C4962AF5BC8D0FBCEE
ven_3614d3a53850,Line 8 --> satu group dengan Ecourban,,Tangerang,,List,236,1AB11BD57893424EA226135F670197B31B96B861BA05C0C4962AF5BC8D0FBCEE
ven_6dc4cd76d6dc,Lio Living,,Yogyakarta,,List,237,1AB11BD57893424EA226135F670197B31B96B861BA05C0C4962AF5BC8D0FBCEE
ven_b91304f0d808,Little Italy,,,,List,238,1AB11BD57893424EA226135F670197B31B96B861BA05C0C4962AF5BC8D0FBCEE
ven_c947223e4db1,Lonilla living,,Jakarta,,List,239,1AB11BD57893424EA226135F670197B31B96B861BA05C0C4962AF5BC8D0FBCEE
ven_be650625cf31,Loom & Stone Indonesia,,Jakarta Selatan,,List,240,1AB11BD57893424EA226135F670197B31B96B861BA05C0C4962AF5BC8D0FBCEE
ven_6bf835755eff,Ltech Indonesia,,"Tangerang, Jakarta, Surabaya, Bali",,List,241,1AB11BD57893424EA226135F670197B31B96B861BA05C0C4962AF5BC8D0FBCEE
ven_a65103e5078f,Lumilight,,Serpong,,List,242,1AB11BD57893424EA226135F670197B31B96B861BA05C0C4962AF5BC8D0FBCEE
ven_9476042a6722,Luminaria Handles & Lighting,,Jakarta,,List,243,1AB11BD57893424EA226135F670197B31B96B861BA05C0C4962AF5BC8D0FBCEE
ven_40426d634a37,Luminova,,Jakarta,,List,468,1AB11BD57893424EA226135F670197B31B96B861BA05C0C4962AF5BC8D0FBCEE
ven_96bc32edf1dd,Lumio Aluminium,,Jakarta,,List,244,1AB11BD57893424EA226135F670197B31B96B861BA05C0C4962AF5BC8D0FBCEE
ven_a827b9ca384b,Lumo,,Jakarta,,List,245,1AB11BD57893424EA226135F670197B31B96B861BA05C0C4962AF5BC8D0FBCEE
ven_f7d453760611,Luna Rattan,,Bali,,List,246,1AB11BD57893424EA226135F670197B31B96B861BA05C0C4962AF5BC8D0FBCEE
ven_ab48de55bc94,Luxmenn,,Jakarta,,List,482,1AB11BD57893424EA226135F670197B31B96B861BA05C0C4962AF5BC8D0FBCEE
ven_91952cc9784e,Luxtura - Aplikator Suzuka Indonesia,,"Bali, Tangerang, Surabaya",,List,247,1AB11BD57893424EA226135F670197B31B96B861BA05C0C4962AF5BC8D0FBCEE
ven_7eb8d3d33e13,Madana,,Jakarta,,List,248;249;250,1AB11BD57893424EA226135F670197B31B96B861BA05C0C4962AF5BC8D0FBCEE
ven_344364d3403a,Magnolia V-ga,,Tangerang,,List,251,1AB11BD57893424EA226135F670197B31B96B861BA05C0C4962AF5BC8D0FBCEE
ven_5f16c3e2f49a,Malibu,PT Aluprima Pacific Industries,"Jakarta, Bekasi, Makassar",,List,252,1AB11BD57893424EA226135F670197B31B96B861BA05C0C4962AF5BC8D0FBCEE
ven_c328a1ee5f75,Malka Metal,,Cikarang,,List,253;254,1AB11BD57893424EA226135F670197B31B96B861BA05C0C4962AF5BC8D0FBCEE
ven_b99df53219d7,Marmer Berkat Abadi,,,,List,255,1AB11BD57893424EA226135F670197B31B96B861BA05C0C4962AF5BC8D0FBCEE
ven_ab6f13a77ddb,Marmer X,,Tangerang,,List,256,1AB11BD57893424EA226135F670197B31B96B861BA05C0C4962AF5BC8D0FBCEE
ven_9b2ac30357d3,Master Wood,PT Sari Kayu,Jakarta,,List,257,1AB11BD57893424EA226135F670197B31B96B861BA05C0C4962AF5BC8D0FBCEE
ven_bcece7584a3c,Masterlamp,,Jakarta,,List,258,1AB11BD57893424EA226135F670197B31B96B861BA05C0C4962AF5BC8D0FBCEE
ven_60975f81fd8a,Matsuo indonesia,,Jakarta,,List,259;260,1AB11BD57893424EA226135F670197B31B96B861BA05C0C4962AF5BC8D0FBCEE
ven_5d7c2c9fabf7,Mbarep Jati (Pintu Jati Asli),,Jawa Tengah,,List,261,1AB11BD57893424EA226135F670197B31B96B861BA05C0C4962AF5BC8D0FBCEE
ven_3ac202557105,Megatone Powder Coating,PT Sari Warna Sampurna,Tangerang,,List,262,1AB11BD57893424EA226135F670197B31B96B861BA05C0C4962AF5BC8D0FBCEE
ven_f2d5e8656cfc,Meglio,,Tangerang,,List,263,1AB11BD57893424EA226135F670197B31B96B861BA05C0C4962AF5BC8D0FBCEE
ven_7f1383fe78f1,Miann Living,,Tangerang,,List,264,1AB11BD57893424EA226135F670197B31B96B861BA05C0C4962AF5BC8D0FBCEE
ven_578a099a1971,Mil & Bay,,Jakarta,,List,265;266,1AB11BD57893424EA226135F670197B31B96B861BA05C0C4962AF5BC8D0FBCEE
ven_0f52017ae615,Milanceramic Tiles,,Jakarta,,List,267,1AB11BD57893424EA226135F670197B31B96B861BA05C0C4962AF5BC8D0FBCEE
ven_7b02fc389884,MiLL Aluminium,,Jakarta,,List,268,1AB11BD57893424EA226135F670197B31B96B861BA05C0C4962AF5BC8D0FBCEE
ven_75dde4a5f4e5,Mimos Surface,PT Stone Mason Indonesia,"Jakarta, Bali, Surabaya",,List,269,1AB11BD57893424EA226135F670197B31B96B861BA05C0C4962AF5BC8D0FBCEE
ven_e946c514ab64,Miratap,,Jakarta,,List,270,1AB11BD57893424EA226135F670197B31B96B861BA05C0C4962AF5BC8D0FBCEE
ven_5d3cb548ef3e,MMgalleri,,Jakarta,,List,470,1AB11BD57893424EA226135F670197B31B96B861BA05C0C4962AF5BC8D0FBCEE
ven_e1cb5f98a77d,Modeco,,Jakarta,,List,271,1AB11BD57893424EA226135F670197B31B96B861BA05C0C4962AF5BC8D0FBCEE
ven_93f0a7352557,Modern Dekorindo,,Tangerang,,List,272;273;274;275,1AB11BD57893424EA226135F670197B31B96B861BA05C0C4962AF5BC8D0FBCEE
ven_4a00b877582f,Moire,,Jakarta,,List,276,1AB11BD57893424EA226135F670197B31B96B861BA05C0C4962AF5BC8D0FBCEE
ven_fb51f42e8cbf,Mokatt Living,,,,List,277,1AB11BD57893424EA226135F670197B31B96B861BA05C0C4962AF5BC8D0FBCEE
ven_405dc7565658,Monolith,,"Jakarta, Surabaya, Bali, Medan",,List,278;279,1AB11BD57893424EA226135F670197B31B96B861BA05C0C4962AF5BC8D0FBCEE
ven_b8c335bebae9,Monoliving,,Jakarta,,List,280,1AB11BD57893424EA226135F670197B31B96B861BA05C0C4962AF5BC8D0FBCEE
ven_b6c4c02bb6a9,Monostar,,Jakarta,,List,281,1AB11BD57893424EA226135F670197B31B96B861BA05C0C4962AF5BC8D0FBCEE
ven_174cb7087739,Moonliving,,Jepara,,List,282,1AB11BD57893424EA226135F670197B31B96B861BA05C0C4962AF5BC8D0FBCEE
ven_eb26d4fa531a,Morgen,PT Favorite Indonesia,Jakarta,,List,283;466,1AB11BD57893424EA226135F670197B31B96B861BA05C0C4962AF5BC8D0FBCEE
ven_7499cd17353b,Morse Alam,,Jakarta,,List,284,1AB11BD57893424EA226135F670197B31B96B861BA05C0C4962AF5BC8D0FBCEE
ven_c3382a83fb26,Mosaic Mass,,Jakarta,,List,285,1AB11BD57893424EA226135F670197B31B96B861BA05C0C4962AF5BC8D0FBCEE
ven_6ff3920f8bef,Mosaicart,,Jakarta,,List,286,1AB11BD57893424EA226135F670197B31B96B861BA05C0C4962AF5BC8D0FBCEE
ven_c9d7d1a3b254,Mozza,,Jakarta,,List,287,1AB11BD57893424EA226135F670197B31B96B861BA05C0C4962AF5BC8D0FBCEE
ven_5ef835f52085,MUKA,,"Jakarta, Surabaya",,List,288,1AB11BD57893424EA226135F670197B31B96B861BA05C0C4962AF5BC8D0FBCEE
ven_da13c0600738,Muro Paint,,"Jakarta, Bali",,List,289,1AB11BD57893424EA226135F670197B31B96B861BA05C0C4962AF5BC8D0FBCEE
ven_0c5bf46ade9b,Murova Aluminium,,Jakarta,,List,290,1AB11BD57893424EA226135F670197B31B96B861BA05C0C4962AF5BC8D0FBCEE
ven_5dd07ebf9483,Naura Artificial,,"Jakarta, Bandung",,List,291,1AB11BD57893424EA226135F670197B31B96B861BA05C0C4962AF5BC8D0FBCEE
ven_f383a44b528d,New Wicker,,Cirebon,,List,292,1AB11BD57893424EA226135F670197B31B96B861BA05C0C4962AF5BC8D0FBCEE
ven_92bad59e18e2,Nexsta,PT YKK AP Indonesia,"Jakarta, Surabaya",,List,293,1AB11BD57893424EA226135F670197B31B96B861BA05C0C4962AF5BC8D0FBCEE
ven_de24dac85f38,Nobel Carpets,PT Nobel Industries,Bandung,,List,294,1AB11BD57893424EA226135F670197B31B96B861BA05C0C4962AF5BC8D0FBCEE
ven_5621190c287e,Nood,,Jepara,,List,295,1AB11BD57893424EA226135F670197B31B96B861BA05C0C4962AF5BC8D0FBCEE
ven_0c5c0d8d474a,Novacolor,PT Guiji Cat Mada,"Jakarta, Surabaya",,List,296,1AB11BD57893424EA226135F670197B31B96B861BA05C0C4962AF5BC8D0FBCEE
ven_fa8c20379f20,Nu Stone Republic,PT Nustone Republik Berjaya,Jakarta,,List,297,1AB11BD57893424EA226135F670197B31B96B861BA05C0C4962AF5BC8D0FBCEE
ven_dba9a0afd684,Nurco Lighting,PT Nurco Aruna Mitra,Tangerang,,List,298,1AB11BD57893424EA226135F670197B31B96B861BA05C0C4962AF5BC8D0FBCEE
ven_3c3649fedf02,Nusa Sarana,PT Nusa Sarana Indonesia,Bekasi,,List,299,1AB11BD57893424EA226135F670197B31B96B861BA05C0C4962AF5BC8D0FBCEE
ven_31a5e822f052,Olina Furniture,,Tangerang Selatan & Jepara,,List,300,1AB11BD57893424EA226135F670197B31B96B861BA05C0C4962AF5BC8D0FBCEE
ven_f1d54f0338b4,Olo Home,,China,,List,301,1AB11BD57893424EA226135F670197B31B96B861BA05C0C4962AF5BC8D0FBCEE
ven_a26c1b056381,Omah Bata,,Jakarta,,List,302,1AB11BD57893424EA226135F670197B31B96B861BA05C0C4962AF5BC8D0FBCEE
ven_d00b170da08b,Onassis,,Jakarta,,List,303,1AB11BD57893424EA226135F670197B31B96B861BA05C0C4962AF5BC8D0FBCEE
ven_d2d0390e7f27,Onna,,Jakarta,,List,304,1AB11BD57893424EA226135F670197B31B96B861BA05C0C4962AF5BC8D0FBCEE
ven_21d3368e5269,Osborn,,Semarang,,List,305,1AB11BD57893424EA226135F670197B31B96B861BA05C0C4962AF5BC8D0FBCEE
ven_6e1a9da23e92,Oscar Barisol,,Jakarta,,List,306,1AB11BD57893424EA226135F670197B31B96B861BA05C0C4962AF5BC8D0FBCEE
ven_8e016391c88c,Oslo,,"Bali, Medan, Padang",,List,307;308,1AB11BD57893424EA226135F670197B31B96B861BA05C0C4962AF5BC8D0FBCEE
ven_86f426b91150,Paloma,,Jakarta,,List,309;310,1AB11BD57893424EA226135F670197B31B96B861BA05C0C4962AF5BC8D0FBCEE
ven_8c6a168a8812,Pamosproject,,Jakarta,,List,311,1AB11BD57893424EA226135F670197B31B96B861BA05C0C4962AF5BC8D0FBCEE
ven_55e3e25c7c80,Pandawa Indonesia,,Bali,,List,312,1AB11BD57893424EA226135F670197B31B96B861BA05C0C4962AF5BC8D0FBCEE
ven_8fa29922db26,Panelinc,,Jakarta,,List,313,1AB11BD57893424EA226135F670197B31B96B861BA05C0C4962AF5BC8D0FBCEE
ven_65506f583dcf,Panelku,,Jakarta,,List,314,1AB11BD57893424EA226135F670197B31B96B861BA05C0C4962AF5BC8D0FBCEE
ven_7b09d281dedc,Papan Ruma Terrazo,,Jakarta,,List,315,1AB11BD57893424EA226135F670197B31B96B861BA05C0C4962AF5BC8D0FBCEE
ven_96bb11a54e13,Paper Yarn,,Jakarta,,List,316,1AB11BD57893424EA226135F670197B31B96B861BA05C0C4962AF5BC8D0FBCEE
ven_704cbceea23b,Penta Prima Paint,,Jakarta,,List,317,1AB11BD57893424EA226135F670197B31B96B861BA05C0C4962AF5BC8D0FBCEE
ven_aa5a15f620e1,Perintis Logam Metal,,Jakarta,,List,318,1AB11BD57893424EA226135F670197B31B96B861BA05C0C4962AF5BC8D0FBCEE
ven_a533b4385d94,Phomi,,Jakarta,,List,319,1AB11BD57893424EA226135F670197B31B96B861BA05C0C4962AF5BC8D0FBCEE
ven_23ad77c1ae32,Pietra Bianca,,Jakarta,,List,320,1AB11BD57893424EA226135F670197B31B96B861BA05C0C4962AF5BC8D0FBCEE
ven_b0fef621727f,Pineapple,,BSD,,List,321,1AB11BD57893424EA226135F670197B31B96B861BA05C0C4962AF5BC8D0FBCEE
ven_6b9bf3f62890,Plaswood,PT Plaswood Bangun Indonesia,Jakarta,,List,322;323;324;325,1AB11BD57893424EA226135F670197B31B96B861BA05C0C4962AF5BC8D0FBCEE
ven_bd52d4c5c71b,Primaja Indokreasi,PT Primaja Indo Kreasi,Jakarta,,List,326,1AB11BD57893424EA226135F670197B31B96B861BA05C0C4962AF5BC8D0FBCEE
ven_a9687d4ef889,Prime Stone,,Jakarta,,List,327,1AB11BD57893424EA226135F670197B31B96B861BA05C0C4962AF5BC8D0FBCEE
ven_cfb2820f0991,Prisma Marble,PT Prima Sejati Makmur,Jakarta,,List,328,1AB11BD57893424EA226135F670197B31B96B861BA05C0C4962AF5BC8D0FBCEE
ven_b86e4ba1ce75,Prive Furniture,,"Jakarta, Surabaya",,List,329;330,1AB11BD57893424EA226135F670197B31B96B861BA05C0C4962AF5BC8D0FBCEE
ven_cc85ae74e86d,Prona Max,,Jakarta,,List,331,1AB11BD57893424EA226135F670197B31B96B861BA05C0C4962AF5BC8D0FBCEE
ven_f854da43e230,Puffin Paint,PT Indojaya Sakti Teguh,Jakarta,,List,332,1AB11BD57893424EA226135F670197B31B96B861BA05C0C4962AF5BC8D0FBCEE
ven_957f74198d62,Purnama Roster,,Jakarta,,List,333,1AB11BD57893424EA226135F670197B31B96B861BA05C0C4962AF5BC8D0FBCEE
ven_9689be17e5b0,Purva,,Jakarta,,List,334,1AB11BD57893424EA226135F670197B31B96B861BA05C0C4962AF5BC8D0FBCEE
ven_d1f9d15a5aa6,Quantum Marble,,Jakarta,,List,335,1AB11BD57893424EA226135F670197B31B96B861BA05C0C4962AF5BC8D0FBCEE
ven_a3e690053061,RAG,,Jakarta,,List,336,1AB11BD57893424EA226135F670197B31B96B861BA05C0C4962AF5BC8D0FBCEE
ven_2b058012652d,Rainbow carpet,,Jakarta,,List,471,1AB11BD57893424EA226135F670197B31B96B861BA05C0C4962AF5BC8D0FBCEE
ven_0bb3e5c77136,Rava Indonesia,Inter kreasi selaras,Jakarta,,List,337;338,1AB11BD57893424EA226135F670197B31B96B861BA05C0C4962AF5BC8D0FBCEE
ven_ea0a3f276643,Reflecto,,Jakarta,,List,339;340,1AB11BD57893424EA226135F670197B31B96B861BA05C0C4962AF5BC8D0FBCEE
ven_27b43fd8d911,Reflecto - Klinz,,Jakarta,,List,341,1AB11BD57893424EA226135F670197B31B96B861BA05C0C4962AF5BC8D0FBCEE
ven_8d9e2ee1d9bd,Reflecto - Naked Stone,,Jakarta,,List,342,1AB11BD57893424EA226135F670197B31B96B861BA05C0C4962AF5BC8D0FBCEE
ven_c1bd8ecd7783,Reflecto - Rewoll,,Jakarta,,List,343,1AB11BD57893424EA226135F670197B31B96B861BA05C0C4962AF5BC8D0FBCEE
ven_236e15b87c95,Reflecto Film,,Jakarta,,List,344,1AB11BD57893424EA226135F670197B31B96B861BA05C0C4962AF5BC8D0FBCEE
ven_8a6fd7c160a1,Regno,,Surabaya,,List,345,1AB11BD57893424EA226135F670197B31B96B861BA05C0C4962AF5BC8D0FBCEE
ven_288696c8f503,Rendy Marmer Granit,,Jakarta,,List,346,1AB11BD57893424EA226135F670197B31B96B861BA05C0C4962AF5BC8D0FBCEE
ven_e12d41d86c75,Rimba Partikel,Rimba Partikel Indonesia,Kendal,,List,347,1AB11BD57893424EA226135F670197B31B96B861BA05C0C4962AF5BC8D0FBCEE
ven_294c203fd39f,Roa Hand Woven,,Magelang,,List,348,1AB11BD57893424EA226135F670197B31B96B861BA05C0C4962AF5BC8D0FBCEE
ven_b625d86948f7,Robries,,Surabaya,,List,349,1AB11BD57893424EA226135F670197B31B96B861BA05C0C4962AF5BC8D0FBCEE
ven_2081ec56aa75,Rockpaint,PT Rock Paint Indonesia,,,List,350,1AB11BD57893424EA226135F670197B31B96B861BA05C0C4962AF5BC8D0FBCEE
ven_4b12261f1338,Rooftop,PT Sumber Djaja Perkasa,Sidoarjo,,List,351,1AB11BD57893424EA226135F670197B31B96B861BA05C0C4962AF5BC8D0FBCEE
ven_6c879f23b775,Rootslab,,Bekasi,,List,352,1AB11BD57893424EA226135F670197B31B96B861BA05C0C4962AF5BC8D0FBCEE
ven_c7b2cb55a920,Roshan,,Jakarta,,List,353,1AB11BD57893424EA226135F670197B31B96B861BA05C0C4962AF5BC8D0FBCEE
ven_2f579564665b,Rovega,PT Rovega Indonesia,Jakarta,,List,354,1AB11BD57893424EA226135F670197B31B96B861BA05C0C4962AF5BC8D0FBCEE
ven_2f6ec155f398,Roxy Glass,PT Roxy Prima Indoproducts,Jakarta,,List,355;356,1AB11BD57893424EA226135F670197B31B96B861BA05C0C4962AF5BC8D0FBCEE
ven_ff3444cb9f2d,Rumah Mebel,,Jakarta,,List,357,1AB11BD57893424EA226135F670197B31B96B861BA05C0C4962AF5BC8D0FBCEE
ven_64a13c8394a2,Sahabat Jaya Sukses,,Jakarta,,List,358,1AB11BD57893424EA226135F670197B31B96B861BA05C0C4962AF5BC8D0FBCEE
ven_534647ddc3a0,Sakamurya Furniture,,Jakarta,,List,359,1AB11BD57893424EA226135F670197B31B96B861BA05C0C4962AF5BC8D0FBCEE
ven_ddcf4bfae15d,Sampoerna Kayoe,PT Sumber Graha Sejahtera,Jakarta,,List,360,1AB11BD57893424EA226135F670197B31B96B861BA05C0C4962AF5BC8D0FBCEE
ven_d92ae279af74,Samudera Solid Surface,,Bogor,,List,361,1AB11BD57893424EA226135F670197B31B96B861BA05C0C4962AF5BC8D0FBCEE
ven_5e9b5031198d,Sana Living,,Jakarta,,List,362,1AB11BD57893424EA226135F670197B31B96B861BA05C0C4962AF5BC8D0FBCEE
ven_8f4df4ab2108,Sandimas,,Jakarta,,List,472,1AB11BD57893424EA226135F670197B31B96B861BA05C0C4962AF5BC8D0FBCEE
ven_9a7c57a92e92,Sans Mosaic,,Jakarta,,List,363,1AB11BD57893424EA226135F670197B31B96B861BA05C0C4962AF5BC8D0FBCEE
ven_043ff27f9d47,Sanwacompany,,Jakarta,,List,473,1AB11BD57893424EA226135F670197B31B96B861BA05C0C4962AF5BC8D0FBCEE
ven_e0f8a1476969,Selia Project,,Jakarta,,List,481,1AB11BD57893424EA226135F670197B31B96B861BA05C0C4962AF5BC8D0FBCEE
ven_ffb844281605,Sentra Bata,CV Mahiera Global Solution,Jakarta,,List,364,1AB11BD57893424EA226135F670197B31B96B861BA05C0C4962AF5BC8D0FBCEE
ven_9d7ea0a869a5,Sentra Marble,,Jakarta,,List,365,1AB11BD57893424EA226135F670197B31B96B861BA05C0C4962AF5BC8D0FBCEE
ven_9e94e3750303,Sentra Marmer (Sekawan Alam Sejahtera Marmer),,Jakarta,,List,366,1AB11BD57893424EA226135F670197B31B96B861BA05C0C4962AF5BC8D0FBCEE
ven_31fce62b2e21,Sentracon,,Jakarta,,List,367,1AB11BD57893424EA226135F670197B31B96B861BA05C0C4962AF5BC8D0FBCEE
ven_87daad822c6e,Serba Antik,,"Jakarta, Bali, Surabaya",,List,368;369,1AB11BD57893424EA226135F670197B31B96B861BA05C0C4962AF5BC8D0FBCEE
ven_703b5e3c1f7d,Seyven,,Jakarta,,List,370,1AB11BD57893424EA226135F670197B31B96B861BA05C0C4962AF5BC8D0FBCEE
ven_e7eab9aeb356,Sib Indonesia,,,,List,371,1AB11BD57893424EA226135F670197B31B96B861BA05C0C4962AF5BC8D0FBCEE
ven_77fb08d2b315,Singres,,Jakarta,,List,372,1AB11BD57893424EA226135F670197B31B96B861BA05C0C4962AF5BC8D0FBCEE
ven_f1b091846568,Sioline,PT Wiaga Intech Nusantara,Tangerang,,List,373,1AB11BD57893424EA226135F670197B31B96B861BA05C0C4962AF5BC8D0FBCEE
ven_b8f4a9b2819d,Sisu Home,,Jakarta,,List,374,1AB11BD57893424EA226135F670197B31B96B861BA05C0C4962AF5BC8D0FBCEE
ven_10457db46ef5,Skayu,,Jakarta,,List,375,1AB11BD57893424EA226135F670197B31B96B861BA05C0C4962AF5BC8D0FBCEE
ven_d5262c8b15d8,Skywall,,Bandung,,List,376,1AB11BD57893424EA226135F670197B31B96B861BA05C0C4962AF5BC8D0FBCEE
ven_9ca87fe6e218,Sol by pdm,PT Perintis Dinamika Multiniaga,Jakarta,,List,377,1AB11BD57893424EA226135F670197B31B96B861BA05C0C4962AF5BC8D0FBCEE
ven_89e8e912c124,Sola Ananda Jaya,,Jakarta,,List,378,1AB11BD57893424EA226135F670197B31B96B861BA05C0C4962AF5BC8D0FBCEE
ven_ffcb0076fbd6,Somwher,,Jakarta,,List,474,1AB11BD57893424EA226135F670197B31B96B861BA05C0C4962AF5BC8D0FBCEE
ven_893b35b79358,Sors Furniture,,Jakarta,,List,379,1AB11BD57893424EA226135F670197B31B96B861BA05C0C4962AF5BC8D0FBCEE
ven_2b1f0b2bda92,Soshoku,,Jakarta,,List,380,1AB11BD57893424EA226135F670197B31B96B861BA05C0C4962AF5BC8D0FBCEE
ven_45d035fcad3f,Spasium,,Jakarta,,List,475,1AB11BD57893424EA226135F670197B31B96B861BA05C0C4962AF5BC8D0FBCEE
ven_e80938dd3117,SPF,PT Sumatera Prima Fibreboard,Jakarta,,List,381,1AB11BD57893424EA226135F670197B31B96B861BA05C0C4962AF5BC8D0FBCEE
ven_93a16ce01ed0,Stark Floor,Sentrawana Gemilang Indonesia,"Jakarta, Surabaya",,List,382,1AB11BD57893424EA226135F670197B31B96B861BA05C0C4962AF5BC8D0FBCEE
ven_9d229f377840,Startha Group - Decoedge,PT Surya Tri Arthayasa,Jakarta,,List,383,1AB11BD57893424EA226135F670197B31B96B861BA05C0C4962AF5BC8D0FBCEE
ven_f1a42604cd55,Startha Group - Decofoil,PT Surya Tri Arthayasa,Jakarta,,List,384,1AB11BD57893424EA226135F670197B31B96B861BA05C0C4962AF5BC8D0FBCEE
ven_e69c7c2268a1,Startha Group - Decopaper,PT Surya Tri Arthayasa,Jakarta,,List,385,1AB11BD57893424EA226135F670197B31B96B861BA05C0C4962AF5BC8D0FBCEE
ven_45f0fdd37fe5,Stuccoverni,,Tangerang,,List,386,1AB11BD57893424EA226135F670197B31B96B861BA05C0C4962AF5BC8D0FBCEE
ven_4131b6fdb7c0,Studio Dekor,,Jakarta,,List,387,1AB11BD57893424EA226135F670197B31B96B861BA05C0C4962AF5BC8D0FBCEE
ven_3254ad02899d,Sufelindo,PT Sufelindo Damai Sejahtera,Tangerang,,List,388,1AB11BD57893424EA226135F670197B31B96B861BA05C0C4962AF5BC8D0FBCEE
ven_c441e81afd42,Sulla.Home,,Jakarta,,List,389,1AB11BD57893424EA226135F670197B31B96B861BA05C0C4962AF5BC8D0FBCEE
ven_7dda47f14680,Sumber Jati Furniture,,Jepara,,List,390,1AB11BD57893424EA226135F670197B31B96B861BA05C0C4962AF5BC8D0FBCEE
ven_4e6c372cfb33,Sunarko,,,,List,391,1AB11BD57893424EA226135F670197B31B96B861BA05C0C4962AF5BC8D0FBCEE
ven_48973dbd4188,Sunbeamfabric,,Jakarta,,List,392,1AB11BD57893424EA226135F670197B31B96B861BA05C0C4962AF5BC8D0FBCEE
ven_78dac1fec5f5,Surya Pertiwi,PT Surya Pertiwi Tbk,Jakarta Barat,,List,393,1AB11BD57893424EA226135F670197B31B96B861BA05C0C4962AF5BC8D0FBCEE
ven_32db990d8f05,Suzuka Group,,Jakarta,,List,394,1AB11BD57893424EA226135F670197B31B96B861BA05C0C4962AF5BC8D0FBCEE
ven_07c05679b1cf,Taco,,Jakarta,,List,395,1AB11BD57893424EA226135F670197B31B96B861BA05C0C4962AF5BC8D0FBCEE
ven_2cadf24e1fee,Tanam Lokal,,Jakarta,,List,396,1AB11BD57893424EA226135F670197B31B96B861BA05C0C4962AF5BC8D0FBCEE
ven_bb49211a375d,Technal,PT Sola Ananda Jaya,Jakarta,,List,397,1AB11BD57893424EA226135F670197B31B96B861BA05C0C4962AF5BC8D0FBCEE
ven_3b949d288337,Tecnishop,,Jakarta,,List,398;399,1AB11BD57893424EA226135F670197B31B96B861BA05C0C4962AF5BC8D0FBCEE
ven_58f8d1e2afc5,Tegel Kayu,PT Permata Jaya Mandiri,Tangerang,,List,400,1AB11BD57893424EA226135F670197B31B96B861BA05C0C4962AF5BC8D0FBCEE
ven_f2efb7bfe724,TEKA Parquet,PT Tanjung Kreasi Parquet Industry,Tangerang,,List,401,1AB11BD57893424EA226135F670197B31B96B861BA05C0C4962AF5BC8D0FBCEE
ven_98a409d1b6c9,Tera Kaiyaa,,Jakarta,,List,402,1AB11BD57893424EA226135F670197B31B96B861BA05C0C4962AF5BC8D0FBCEE
ven_eb17b972269b,Terakota Indonesia,,Jakarta,,List,403,1AB11BD57893424EA226135F670197B31B96B861BA05C0C4962AF5BC8D0FBCEE
ven_9d78dce55984,Terraesta,,Bali,,List,404,1AB11BD57893424EA226135F670197B31B96B861BA05C0C4962AF5BC8D0FBCEE
ven_08ed19293fe4,Textura Pratta Indonesia,,Bali,,List,405,1AB11BD57893424EA226135F670197B31B96B861BA05C0C4962AF5BC8D0FBCEE
ven_7b1cb52f8a7f,The New Factory,,Bandung,,List,406,1AB11BD57893424EA226135F670197B31B96B861BA05C0C4962AF5BC8D0FBCEE
ven_370a5d4cd966,Thermotech Indonesia,,Jakarta,,List,407,1AB11BD57893424EA226135F670197B31B96B861BA05C0C4962AF5BC8D0FBCEE
ven_d37f48d80411,Titanium,PT Surya Multi Cemerlang,Bandung,,List,408,1AB11BD57893424EA226135F670197B31B96B861BA05C0C4962AF5BC8D0FBCEE
ven_28b2a172c1af,Tmac Decorazzo,,Jakarta,,List,409,1AB11BD57893424EA226135F670197B31B96B861BA05C0C4962AF5BC8D0FBCEE
ven_2717c3695dbc,Tostem Indonesia,LIXIL,Jakarta,,List,410,1AB11BD57893424EA226135F670197B31B96B861BA05C0C4962AF5BC8D0FBCEE
ven_d79e8e4a6c05,Tridaya Elektrindo,PT Tridaya Dinamika Elektrindo,Jakarta,,List,411,1AB11BD57893424EA226135F670197B31B96B861BA05C0C4962AF5BC8D0FBCEE
ven_68c0edfe5ef6,Triem Soldi Surface,CV Triem Gunung Mas Sejahtera,Jakarta,,List,412,1AB11BD57893424EA226135F670197B31B96B861BA05C0C4962AF5BC8D0FBCEE
ven_a46e0f4e2e93,Trio Jaya Steel,PT Trio Jaya Steel,Tangerang,,List,413;414,1AB11BD57893424EA226135F670197B31B96B861BA05C0C4962AF5BC8D0FBCEE
ven_b45ea62bce8e,Twin Fittings,,Jakarta,,List,415,1AB11BD57893424EA226135F670197B31B96B861BA05C0C4962AF5BC8D0FBCEE
ven_672669ca4143,Ubin Kayu,,"Tangerang, Bali, Surabaya",,List,416;417;418,1AB11BD57893424EA226135F670197B31B96B861BA05C0C4962AF5BC8D0FBCEE
ven_77d774c120a8,UNO Office,PT Mitra Teknik Sukses,Jakarta,,List,419,1AB11BD57893424EA226135F670197B31B96B861BA05C0C4962AF5BC8D0FBCEE
ven_abccc93cd88f,Up Space,,Jakarta,,List,421,1AB11BD57893424EA226135F670197B31B96B861BA05C0C4962AF5BC8D0FBCEE
ven_5504068fe882,Vacolux,,Jakarta,,List,464,1AB11BD57893424EA226135F670197B31B96B861BA05C0C4962AF5BC8D0FBCEE
ven_e46e3f7379cd,VAGG,,Jakarta,,List,422,1AB11BD57893424EA226135F670197B31B96B861BA05C0C4962AF5BC8D0FBCEE
ven_ef02a2a902c6,Varnesse,PT Sinco Kencana Fiber,Tangerang,,List,423,1AB11BD57893424EA226135F670197B31B96B861BA05C0C4962AF5BC8D0FBCEE
ven_b8b22aedc372,Venus,PT Venus Ceramica International,Tangerang,,List,424;425;426;427;428,1AB11BD57893424EA226135F670197B31B96B861BA05C0C4962AF5BC8D0FBCEE
ven_66d9de9a959e,Venus Tiles Bandung,,Bandung,,List,429,1AB11BD57893424EA226135F670197B31B96B861BA05C0C4962AF5BC8D0FBCEE
ven_dc9866457415,Verona Marble,,Jakarta,,List,430,1AB11BD57893424EA226135F670197B31B96B861BA05C0C4962AF5BC8D0FBCEE
ven_8d5cd763d2b8,Victory Eurofit Systems,PT Victory Eurofit Systems,Jakarta,,List,431,1AB11BD57893424EA226135F670197B31B96B861BA05C0C4962AF5BC8D0FBCEE
ven_f97dd9fc613d,Viostone,,Jakarta,,List,432;433,1AB11BD57893424EA226135F670197B31B96B861BA05C0C4962AF5BC8D0FBCEE
ven_2e70a05fd6b8,Vivano Living,,Jakarta,,List,434,1AB11BD57893424EA226135F670197B31B96B861BA05C0C4962AF5BC8D0FBCEE
ven_8d87c632219e,Vivere,,Tangerang,,List,435,1AB11BD57893424EA226135F670197B31B96B861BA05C0C4962AF5BC8D0FBCEE
ven_d348710974cb,Vivere - Idemu,,Tangerang,,List,436,1AB11BD57893424EA226135F670197B31B96B861BA05C0C4962AF5BC8D0FBCEE
ven_1de5b8114bec,Viveria Gallery,,Jakarta,,List,437,1AB11BD57893424EA226135F670197B31B96B861BA05C0C4962AF5BC8D0FBCEE
ven_9da0e1dc48ff,VQ Stone,,,,List,438,1AB11BD57893424EA226135F670197B31B96B861BA05C0C4962AF5BC8D0FBCEE
ven_fb68e275084e,VR Space,,Jakarta,,List,439;440;441;442;443;444;445;446;447;448,1AB11BD57893424EA226135F670197B31B96B861BA05C0C4962AF5BC8D0FBCEE
ven_2c8c051c0bc1,W Tiles,,Indonesia,,List,449,1AB11BD57893424EA226135F670197B31B96B861BA05C0C4962AF5BC8D0FBCEE
ven_50c2cb442e1e,Wallform,,Jakarta,,List,450,1AB11BD57893424EA226135F670197B31B96B861BA05C0C4962AF5BC8D0FBCEE
ven_97c09253e374,Walpix,,Jakarta,,List,451,1AB11BD57893424EA226135F670197B31B96B861BA05C0C4962AF5BC8D0FBCEE
ven_ac80b5088a39,Wamstone,,Jakarta,,List,452,1AB11BD57893424EA226135F670197B31B96B861BA05C0C4962AF5BC8D0FBCEE
ven_28d83845ff55,Wellgress Tiles,,Jakarta,,List,453,1AB11BD57893424EA226135F670197B31B96B861BA05C0C4962AF5BC8D0FBCEE
ven_b50172b38f4e,Wika WH,,Jakarta,,List,454,1AB11BD57893424EA226135F670197B31B96B861BA05C0C4962AF5BC8D0FBCEE
ven_bb19d2f1d3b1,Winston Ok,,Jakarta,,List,455,1AB11BD57893424EA226135F670197B31B96B861BA05C0C4962AF5BC8D0FBCEE
ven_457e3606c579,Wisanaka,,Klaten,,List,456,1AB11BD57893424EA226135F670197B31B96B861BA05C0C4962AF5BC8D0FBCEE
ven_c1ab493c45f7,Wisma Sehati,,Jakarta,,List,476,1AB11BD57893424EA226135F670197B31B96B861BA05C0C4962AF5BC8D0FBCEE
ven_214ea6976c15,Wood Concept,,Jakarta,,List,457,1AB11BD57893424EA226135F670197B31B96B861BA05C0C4962AF5BC8D0FBCEE
ven_5a2bb24dc707,Woodpecker,,Jakarta,,List,458,1AB11BD57893424EA226135F670197B31B96B861BA05C0C4962AF5BC8D0FBCEE
ven_1b2a82a0b881,WPC Wood Indonesia,,Jakarta,,List,459,1AB11BD57893424EA226135F670197B31B96B861BA05C0C4962AF5BC8D0FBCEE
ven_46e4ecc8ebf3,Xingfa,PT Xingfa Aluminium Indonesia,Tangerang,,List,460,1AB11BD57893424EA226135F670197B31B96B861BA05C0C4962AF5BC8D0FBCEE
ven_c0018bc50090,Xpose Indonesia,,Jakarta,,List,461,1AB11BD57893424EA226135F670197B31B96B861BA05C0C4962AF5BC8D0FBCEE
ven_c553a7e10b6e,YKK AP Indonesia,PT YKK AP Indonesia,Tangerang,,List,462,1AB11BD57893424EA226135F670197B31B96B861BA05C0C4962AF5BC8D0FBCEE
ven_9dceb0fe987e,Zimmer,,Tangerang,,List,463,1AB11BD57893424EA226135F670197B31B96B861BA05C0C4962AF5BC8D0FBCEE
