sample_candidate_key,source_sheet,source_row,source_no,source_category,source_brand,source_type,source_motif,vendor_key_candidate,vendor_key_confirmed,brand_confirmed,sku_confirmed,rack_number,box_number,quantity,status_candidate,current_borrower_name,notes,sample_status,blocker_reasons,decision_notes
sample_sheet1_r0004,Sheet1,4,1,Tile,Artile,Cosmo,spring,,,,,1,1,1,AVAILABLE,,,,Material belum tersedia dengan kunci Vendor + Brand + SKU; SKU sample tidak tersedia di sumber; Vendor belum match tepat,Material candidate: matcand_sample_9dd44bd12f0f
sample_sheet1_r0005,Sheet1,5,2,Tile,Artile,Terrain,Montana,,,,,1,1,1,AVAILABLE,,,,Material belum tersedia dengan kunci Vendor + Brand + SKU; SKU sample tidak tersedia di sumber; Vendor belum match tepat,Material candidate: matcand_sample_5769414557ec
sample_sheet1_r0006,Sheet1,6,3,Tile,Artile,Cosmo,Summer,,,,,1,1,1,AVAILABLE,,,,Material belum tersedia dengan kunci Vendor + Brand + SKU; SKU sample tidak tersedia di sumber; Vendor belum match tepat,Material candidate: matcand_sample_af6dfbad2aed
sample_sheet1_r0007,Sheet1,7,4,Tile,Artile,Terrain,Gravel,,,,,1,1,1,AVAILABLE,,,,Material belum tersedia dengan kunci Vendor + Brand + SKU; SKU sample tidak tersedia di sumber; Vendor belum match tepat,Material candidate: matcand_sample_6ef5d8e04e47
sample_sheet1_r0008,Sheet1,8,5,Tile,Artile,Cosmo,Winter,,,,,1,1,1,AVAILABLE,,,,Material belum tersedia dengan kunci Vendor + Brand + SKU; SKU sample tidak tersedia di sumber; Vendor belum match tepat,Material candidate: matcand_sample_afc733641024
sample_sheet1_r0009,Sheet1,9,6,Tile,Artile,Cosmo,Blossom,,,,,1,1,1,AVAILABLE,,,,Material belum tersedia dengan kunci Vendor + Brand + SKU; SKU sample tidak tersedia di sumber; Vendor belum match tepat,Material candidate: matcand_sample_9fc6f03f9c31
sample_sheet1_r0010,Sheet1,10,7,Tile,Artile,Forte,Colori,,,,,1,1,1,AVAILABLE,,,,Material belum tersedia dengan kunci Vendor + Brand + SKU; SKU sample tidak tersedia di sumber; Vendor belum match tepat,Material candidate: matcand_sample_dc7aff87a746
sample_sheet1_r0011,Sheet1,11,8,Tile,Artile,Terrain,Brezza,,,,,1,1,1,AVAILABLE,,,,Material belum tersedia dengan kunci Vendor + Brand + SKU; SKU sample tidak tersedia di sumber; Vendor belum match tepat,Material candidate: matcand_sample_a68664b2a8ce
sample_sheet1_r0012,Sheet1,12,9,Tile,Artile,Forte,Dusk,,,,,1,1,1,AVAILABLE,,,,Material belum tersedia dengan kunci Vendor + Brand + SKU; SKU sample tidak tersedia di sumber; Vendor belum match tepat,Material candidate: matcand_sample_f9eab28842b2
sample_sheet1_r0013,Sheet1,13,10,Tile,Artile,Sanctuary,Sanctum,,,,,1,1,1,AVAILABLE,,,,Material belum tersedia dengan kunci Vendor + Brand + SKU; SKU sample tidak tersedia di sumber; Vendor belum match tepat,Material candidate: matcand_sample_8fa73167aa97
sample_sheet1_r0014,Sheet1,14,11,Tile,Artile,Sanctuary,Haven,,,,,1,1,1,AVAILABLE,,,,Material belum tersedia dengan kunci Vendor + Brand + SKU; SKU sample tidak tersedia di sumber; Vendor belum match tepat,Material candidate: matcand_sample_5bc101c5c1b2
sample_sheet1_r0015,Sheet1,15,12,Tile,Artile,Sanctuary,Gain,,,,,1,1,1,AVAILABLE,,,,Material belum tersedia dengan kunci Vendor + Brand + SKU; SKU sample tidak tersedia di sumber; Vendor belum match tepat,Material candidate: matcand_sample_ebf2bf1aa309
sample_sheet1_r0016,Sheet1,16,13,Tile,Artile,Maison,White Birch Wood,,,,,1,1,1,AVAILABLE,,,,Material belum tersedia dengan kunci Vendor + Brand + SKU; SKU sample tidak tersedia di sumber; Vendor belum match tepat,Material candidate: matcand_sample_071c287b7af8
sample_sheet1_r0017,Sheet1,17,14,Tile,Artile,Sanctuary,Space,,,,,1,1,1,AVAILABLE,,,,Material belum tersedia dengan kunci Vendor + Brand + SKU; SKU sample tidak tersedia di sumber; Vendor belum match tepat,Material candidate: matcand_sample_21b70202d953
sample_sheet1_r0018,Sheet1,18,15,Tile,Artile,Forte,Dawn,,,,,1,1,1,AVAILABLE,,,,Material belum tersedia dengan kunci Vendor + Brand + SKU; SKU sample tidak tersedia di sumber; Vendor belum match tepat,Material candidate: matcand_sample_8e0078698a21
sample_sheet1_r0019,Sheet1,19,16,Tile,Artile,Maison,Brown Pine wood,,,,,1,1,1,AVAILABLE,,,,Material belum tersedia dengan kunci Vendor + Brand + SKU; SKU sample tidak tersedia di sumber; Vendor belum match tepat,Material candidate: matcand_sample_24555ca7eda0
sample_sheet1_r0020,Sheet1,20,17,Tile,Artile,Outback,Wombat,,,,,1,1,1,AVAILABLE,,,,Material belum tersedia dengan kunci Vendor + Brand + SKU; SKU sample tidak tersedia di sumber; Vendor belum match tepat,Material candidate: matcand_sample_2ac8def619c1
sample_sheet1_r0021,Sheet1,21,18,Tile,Artile,Outback,Brumby,,,,,1,1,1,AVAILABLE,,,,Material belum tersedia dengan kunci Vendor + Brand + SKU; SKU sample tidak tersedia di sumber; Vendor belum match tepat,Material candidate: matcand_sample_c185ecc6be4a
sample_sheet1_r0022,Sheet1,22,19,Tile,Artile,Outback,Wallaby,,,,,1,1,1,AVAILABLE,,,,Material belum tersedia dengan kunci Vendor + Brand + SKU; SKU sample tidak tersedia di sumber; Vendor belum match tepat,Material candidate: matcand_sample_39eced7624b4
sample_sheet1_r0023,Sheet1,23,20,Tile,Artile,Outback,Dingo,,,,,1,1,1,AVAILABLE,,,,Material belum tersedia dengan kunci Vendor + Brand + SKU; SKU sample tidak tersedia di sumber; Vendor belum match tepat,Material candidate: matcand_sample_893c144ef6eb
sample_sheet1_r0024,Sheet1,24,21,Tile,Salsa,Oasis,Pearl white,,,,,1,1,1,AVAILABLE,,,,Material belum tersedia dengan kunci Vendor + Brand + SKU; SKU sample tidak tersedia di sumber; Vendor belum match tepat,Material candidate: matcand_sample_98608077afad
sample_sheet1_r0025,Sheet1,25,22,Tile,Salsa,Crystal,Pearl white,,,,,1,1,1,AVAILABLE,,,,Material belum tersedia dengan kunci Vendor + Brand + SKU; SKU sample tidak tersedia di sumber; Vendor belum match tepat,Material candidate: matcand_sample_a569fbc07927
sample_sheet1_r0026,Sheet1,26,23,Tile,Artile,Maison,Natural oak wood,,,,,1,1,1,AVAILABLE,,,,Material belum tersedia dengan kunci Vendor + Brand + SKU; SKU sample tidak tersedia di sumber; Vendor belum match tepat,Material candidate: matcand_sample_f0cf8f56858a
sample_sheet1_r0027,Sheet1,27,24,Tile,Artile,Sanctuary,Nebula,,,,,1,1,1,AVAILABLE,,,,Material belum tersedia dengan kunci Vendor + Brand + SKU; SKU sample tidak tersedia di sumber; Vendor belum match tepat,Material candidate: matcand_sample_30513410dbd0
sample_sheet1_r0028,Sheet1,28,25,Tile,Artile,Sanctuary,Gaia,,,,,1,1,1,AVAILABLE,,,,Material belum tersedia dengan kunci Vendor + Brand + SKU; SKU sample tidak tersedia di sumber; Vendor belum match tepat,Material candidate: matcand_sample_5f4b563018f3
sample_sheet1_r0029,Sheet1,29,26,Tile,Artile,Sanctuary,Space,,,,,1,1,1,AVAILABLE,,,,Material belum tersedia dengan kunci Vendor + Brand + SKU; SKU sample tidak tersedia di sumber; Vendor belum match tepat,Material candidate: matcand_sample_21b70202d953
sample_sheet1_r0030,Sheet1,30,27,Tile,Artile,Sanctuary,Stella,,,,,1,1,1,AVAILABLE,,,,Material belum tersedia dengan kunci Vendor + Brand + SKU; SKU sample tidak tersedia di sumber; Vendor belum match tepat,Material candidate: matcand_sample_ce0a1f13daf2
sample_sheet1_r0031,Sheet1,31,28,Tile,Artile,Sanctuary,Haven,,,,,1,1,1,AVAILABLE,,,,Material belum tersedia dengan kunci Vendor + Brand + SKU; SKU sample tidak tersedia di sumber; Vendor belum match tepat,Material candidate: matcand_sample_5bc101c5c1b2
sample_sheet1_r0032,Sheet1,32,29,Tile,Artile,Sanctuary,Sanctum,,,,,1,1,1,AVAILABLE,,,,Material belum tersedia dengan kunci Vendor + Brand + SKU; SKU sample tidak tersedia di sumber; Vendor belum match tepat,Material candidate: matcand_sample_8fa73167aa97
sample_sheet1_r0033,Sheet1,33,30,Tile,Artile,Sanctuary,Nebula,,,,,1,1,1,AVAILABLE,,,,Material belum tersedia dengan kunci Vendor + Brand + SKU; SKU sample tidak tersedia di sumber; Vendor belum match tepat,Material candidate: matcand_sample_30513410dbd0
sample_sheet1_r0034,Sheet1,34,31,Tile,Artile,Forte,Vivo,,,,,1,1,1,AVAILABLE,,,,Material belum tersedia dengan kunci Vendor + Brand + SKU; SKU sample tidak tersedia di sumber; Vendor belum match tepat,Material candidate: matcand_sample_b5207ebf0de7
sample_sheet1_r0035,Sheet1,35,32,Tile,Artile,Terrain,Brezza,,,,,1,1,1,AVAILABLE,,,,Material belum tersedia dengan kunci Vendor + Brand + SKU; SKU sample tidak tersedia di sumber; Vendor belum match tepat,Material candidate: matcand_sample_a68664b2a8ce
sample_sheet1_r0036,Sheet1,36,,Tile,Mozza tile,Glossy,pink,,,,,1,1,1,AVAILABLE,,,,Material belum tersedia dengan kunci Vendor + Brand + SKU; SKU sample tidak tersedia di sumber; Vendor belum match tepat,Material candidate: matcand_sample_299f21d1682c
sample_sheet1_r0037,Sheet1,37,,Tile,Mozza tile,Celine peach,,,,,,1,1,1,AVAILABLE,,,,Material belum tersedia dengan kunci Vendor + Brand + SKU; SKU sample tidak tersedia di sumber; Vendor belum match tepat,Material candidate: matcand_sample_568b926d4a53
sample_sheet1_r0038,Sheet1,38,,Tile,,21S553,,,,,,1,1,1,AVAILABLE,,,,Material belum tersedia dengan kunci Vendor + Brand + SKU; SKU sample tidak tersedia di sumber; Vendor belum match tepat; Brand kosong,Material candidate: matcand_sample_ecf9a75d9888
sample_sheet1_r0039,Sheet1,39,,Tile,,18S530,,,,,,1,1,1,AVAILABLE,,,,Material belum tersedia dengan kunci Vendor + Brand + SKU; SKU sample tidak tersedia di sumber; Vendor belum match tepat; Brand kosong,Material candidate: matcand_sample_edab461abf1a
sample_sheet1_r0040,Sheet1,40,,Tile,Venus,Takko Sqaure white matte,,ven_b8b22aedc372,,,,1,1,1,AVAILABLE,,,,Material belum tersedia dengan kunci Vendor + Brand + SKU; SKU sample tidak tersedia di sumber,Material candidate: matcand_sample_03609d31b739
sample_sheet1_r0041,Sheet1,41,49,Tile,Wisma sehati,Cement,Grey Matt,ven_c1ab493c45f7,,,,1,1,1,AVAILABLE,,,,Material belum tersedia dengan kunci Vendor + Brand + SKU; SKU sample tidak tersedia di sumber,Material candidate: matcand_sample_b3b9a6c5933b
sample_sheet1_r0042,Sheet1,42,,Tile,Wisma sehati,Cement,dark Grey Matt,ven_c1ab493c45f7,,,,1,1,1,AVAILABLE,,,,Material belum tersedia dengan kunci Vendor + Brand + SKU; SKU sample tidak tersedia di sumber,Material candidate: matcand_sample_f4ed4e4a585b
sample_sheet1_r0043,Sheet1,43,,Tile,Wisma sehati,Cement,Light grey matt,ven_c1ab493c45f7,,,,1,1,1,AVAILABLE,,,,Material belum tersedia dengan kunci Vendor + Brand + SKU; SKU sample tidak tersedia di sumber,Material candidate: matcand_sample_d0b9503f3362
sample_sheet1_r0044,Sheet1,44,,Tile,Wisma sehati,Terazzo,White,ven_c1ab493c45f7,,,,1,1,1,AVAILABLE,,,,Material belum tersedia dengan kunci Vendor + Brand + SKU; SKU sample tidak tersedia di sumber,Material candidate: matcand_sample_0edafe1c6c72
sample_sheet1_r0045,Sheet1,45,,Tile,Wisma sehati,ZH 6497 Gravity,Light grey,ven_c1ab493c45f7,,,,1,1,1,AVAILABLE,,,,Material belum tersedia dengan kunci Vendor + Brand + SKU; SKU sample tidak tersedia di sumber,Material candidate: matcand_sample_be39386890d4
sample_sheet1_r0046,Sheet1,46,,Tile,Niro granite,GNL 01 MP,,,,,,1,1,1,AVAILABLE,,,,Material belum tersedia dengan kunci Vendor + Brand + SKU; SKU sample tidak tersedia di sumber; Vendor belum match tepat,Material candidate: matcand_sample_a00e62c1d578
sample_sheet1_r0047,Sheet1,47,,Tile,Roman granit,GT 602153R,Darlington taupe,,,,,1,1,1,AVAILABLE,,,,Material belum tersedia dengan kunci Vendor + Brand + SKU; SKU sample tidak tersedia di sumber; Vendor belum match tepat,Material candidate: matcand_sample_b6b319bbc851
sample_sheet1_r0048,Sheet1,48,,Tile,Roman,G330504,,,,,,1,1,1,AVAILABLE,,,,Material belum tersedia dengan kunci Vendor + Brand + SKU; SKU sample tidak tersedia di sumber; Vendor belum match tepat,Material candidate: matcand_sample_35205c819d4d
sample_sheet1_r0049,Sheet1,49,,Tile,Wisma sehati,Antique Stone,Dark Grey GL Matt,ven_c1ab493c45f7,,,,1,1,1,AVAILABLE,,,,Material belum tersedia dengan kunci Vendor + Brand + SKU; SKU sample tidak tersedia di sumber,Material candidate: matcand_sample_ccac96abf6f9
sample_sheet1_r0050,Sheet1,50,33,Tile,Elegenza,Tovino Grigio,,,,,,1,2,1,AVAILABLE,,,,Material belum tersedia dengan kunci Vendor + Brand + SKU; SKU sample tidak tersedia di sumber; Vendor belum match tepat,Material candidate: matcand_sample_20c8537bf4d3
sample_sheet1_r0051,Sheet1,51,34,Tile,Elegenza,Carara Moderne,White,,,,,1,2,1,AVAILABLE,,,,Material belum tersedia dengan kunci Vendor + Brand + SKU; SKU sample tidak tersedia di sumber; Vendor belum match tepat,Material candidate: matcand_sample_367c6db15ed2
sample_sheet1_r0052,Sheet1,52,35,Tile,Elegenza,Terazo,Beige,,,,,1,2,1,AVAILABLE,,,,Material belum tersedia dengan kunci Vendor + Brand + SKU; SKU sample tidak tersedia di sumber; Vendor belum match tepat,Material candidate: matcand_sample_ed40e8a2531a
sample_sheet1_r0053,Sheet1,53,36,Tile,Titanium,Terrazzo Nova,White,ven_d37f48d80411,,,,1,2,1,AVAILABLE,,,,Material belum tersedia dengan kunci Vendor + Brand + SKU; SKU sample tidak tersedia di sumber,Material candidate: matcand_sample_8a0639083d23
sample_sheet1_r0054,Sheet1,54,37,Tile,Titanium,Terrazzo Milano,Grey,ven_d37f48d80411,,,,1,2,1,AVAILABLE,,,,Material belum tersedia dengan kunci Vendor + Brand + SKU; SKU sample tidak tersedia di sumber,Material candidate: matcand_sample_35b734a9d7a2
sample_sheet1_r0055,Sheet1,55,38,Tile,Titanium,Terrazzo Cement,White,ven_d37f48d80411,,,,1,2,1,AVAILABLE,,,,Material belum tersedia dengan kunci Vendor + Brand + SKU; SKU sample tidak tersedia di sumber,Material candidate: matcand_sample_f17d881e4899
sample_sheet1_r0056,Sheet1,56,39,Tile,Titanium,Terrazzo Silkstone,White,ven_d37f48d80411,,,,1,2,1,AVAILABLE,,,,Material belum tersedia dengan kunci Vendor + Brand + SKU; SKU sample tidak tersedia di sumber,Material candidate: matcand_sample_ab9123d07830
sample_sheet1_r0057,Sheet1,57,40,Tile,Titanium,Terrazzo Trento,Greige,ven_d37f48d80411,,,,1,2,1,AVAILABLE,,,,Material belum tersedia dengan kunci Vendor + Brand + SKU; SKU sample tidak tersedia di sumber,Material candidate: matcand_sample_564ce13a267f
sample_sheet1_r0058,Sheet1,58,41,Tile,Titanium,Terrazzo Portland,Grey,ven_d37f48d80411,,,,1,2,1,AVAILABLE,,,,Material belum tersedia dengan kunci Vendor + Brand + SKU; SKU sample tidak tersedia di sumber,Material candidate: matcand_sample_5620b935a6e1
sample_sheet1_r0059,Sheet1,59,42,Tile,Titanium,Terrazzo Pompei,White,ven_d37f48d80411,,,,1,2,1,AVAILABLE,,,,Material belum tersedia dengan kunci Vendor + Brand + SKU; SKU sample tidak tersedia di sumber,Material candidate: matcand_sample_518d35632a3a
sample_sheet1_r0060,Sheet1,60,43,Tile,Infiniti,Terrazzo Venice,White Matt,ven_b0fbddb4123c,,,,1,2,1,AVAILABLE,,,,Material belum tersedia dengan kunci Vendor + Brand + SKU; SKU sample tidak tersedia di sumber,Material candidate: matcand_sample_3d001f6cee7d
sample_sheet1_r0061,Sheet1,61,44,Tile,Infiniti,Terrazzo Venice,Brown Matt,ven_b0fbddb4123c,,,,1,2,1,AVAILABLE,,,,Material belum tersedia dengan kunci Vendor + Brand + SKU; SKU sample tidak tersedia di sumber,Material candidate: matcand_sample_c86019481ed0
sample_sheet1_r0062,Sheet1,62,45,Tile,Infiniti,Costa,Grey Matt,ven_b0fbddb4123c,,,,1,2,1,AVAILABLE,,,,Material belum tersedia dengan kunci Vendor + Brand + SKU; SKU sample tidak tersedia di sumber,Material candidate: matcand_sample_e5f904275baf
sample_sheet1_r0063,Sheet1,63,46,Tile,Infiniti,Galileo,Grey Matt,ven_b0fbddb4123c,,,,1,2,1,AVAILABLE,,,,Material belum tersedia dengan kunci Vendor + Brand + SKU; SKU sample tidak tersedia di sumber,Material candidate: matcand_sample_87384b6c1282
sample_sheet1_r0064,Sheet1,64,47,Tile,Infiniti,Meteor,Grey Matt,ven_b0fbddb4123c,,,,1,2,1,AVAILABLE,,,,Material belum tersedia dengan kunci Vendor + Brand + SKU; SKU sample tidak tersedia di sumber,Material candidate: matcand_sample_e9567c602ad1
sample_sheet1_r0065,Sheet1,65,48,Tile,Infiniti,Cemento,White Matt,ven_b0fbddb4123c,,,,1,2,1,AVAILABLE,,,,Material belum tersedia dengan kunci Vendor + Brand + SKU; SKU sample tidak tersedia di sumber,Material candidate: matcand_sample_55b88f37cfc2
sample_sheet1_r0066,Sheet1,66,49,Tile,Infiniti,Cemento,Grey Matt,ven_b0fbddb4123c,,,,1,2,1,AVAILABLE,,,,Material belum tersedia dengan kunci Vendor + Brand + SKU; SKU sample tidak tersedia di sumber,Material candidate: matcand_sample_ece6528518e2
sample_sheet1_r0067,Sheet1,67,50,Tile,Infiniti,Cemento,Cream Matt,ven_b0fbddb4123c,,,,1,2,1,BORROWED,berkah,,,Material belum tersedia dengan kunci Vendor + Brand + SKU; SKU sample tidak tersedia di sumber,Material candidate: matcand_sample_cccfa9fd4305
sample_sheet1_r0068,Sheet1,68,51,Tile,Infiniti,Terrazzo Venice D.,Grey Matt,ven_b0fbddb4123c,,,,1,2,1,AVAILABLE,,,,Material belum tersedia dengan kunci Vendor + Brand + SKU; SKU sample tidak tersedia di sumber,Material candidate: matcand_sample_815e52fb8b4f
sample_sheet1_r0069,Sheet1,69,52,Tile,Infiniti,Terrazzo Venice,Grey Matt,ven_b0fbddb4123c,,,,1,2,1,AVAILABLE,,,,Material belum tersedia dengan kunci Vendor + Brand + SKU; SKU sample tidak tersedia di sumber,Material candidate: matcand_sample_c870fb691ef1
sample_sheet1_r0070,Sheet1,70,53,Tile,Roman,GT602151R,,,,,,1,3,1,AVAILABLE,,,,Material belum tersedia dengan kunci Vendor + Brand + SKU; SKU sample tidak tersedia di sumber; Vendor belum match tepat,Material candidate: matcand_sample_6a1e525b3268
sample_sheet1_r0071,Sheet1,71,54,Tile,Roman,GT602138R,,,,,,1,3,1,AVAILABLE,,,,Material belum tersedia dengan kunci Vendor + Brand + SKU; SKU sample tidak tersedia di sumber; Vendor belum match tepat,Material candidate: matcand_sample_2088b7a27f69
sample_sheet1_r0072,Sheet1,72,55,Tile,Roman,G220501 Venere dust,,,,,,1,3,1,AVAILABLE,,,,Material belum tersedia dengan kunci Vendor + Brand + SKU; SKU sample tidak tersedia di sumber; Vendor belum match tepat,Material candidate: matcand_sample_7cfa02853bc2
sample_sheet1_r0073,Sheet1,73,56,Tile,Roman,GT602153R,,,,,,1,3,1,AVAILABLE,,,,Material belum tersedia dengan kunci Vendor + Brand + SKU; SKU sample tidak tersedia di sumber; Vendor belum match tepat,Material candidate: matcand_sample_903719d2ea97
sample_sheet1_r0074,Sheet1,74,57,Tile,Roman,G224001 Sandstone Bone,,,,,,1,3,1,AVAILABLE,,,,Material belum tersedia dengan kunci Vendor + Brand + SKU; SKU sample tidak tersedia di sumber; Vendor belum match tepat,Material candidate: matcand_sample_4d57a0a2bba7
sample_sheet1_r0075,Sheet1,75,58,Tile,Roman,GT602154R DMarseille Bone,,,,,,1,3,1,AVAILABLE,,,,Material belum tersedia dengan kunci Vendor + Brand + SKU; SKU sample tidak tersedia di sumber; Vendor belum match tepat,Material candidate: matcand_sample_f4596a8800f7
sample_sheet1_r0076,Sheet1,76,59,Tile,Roman,G330800 dLastrico Ash,,,,,,1,3,1,AVAILABLE,,,,Material belum tersedia dengan kunci Vendor + Brand + SKU; SKU sample tidak tersedia di sumber; Vendor belum match tepat,Material candidate: matcand_sample_2da1ab84b6fa
sample_sheet1_r0077,Sheet1,77,60,Tile,Roman,GT602600R dTerazzo Bone,,,,,,1,3,1,AVAILABLE,,,,Material belum tersedia dengan kunci Vendor + Brand + SKU; SKU sample tidak tersedia di sumber; Vendor belum match tepat,Material candidate: matcand_sample_b36070b84299
sample_sheet1_r0078,Sheet1,78,61,Tile,Roman,GT602157R dMarseille Coffee,,,,,,1,3,1,AVAILABLE,,,,Material belum tersedia dengan kunci Vendor + Brand + SKU; SKU sample tidak tersedia di sumber; Vendor belum match tepat,Material candidate: matcand_sample_dfb1ecdd3cd7
sample_sheet1_r0079,Sheet1,79,62,Tile,Roman,GT602155R dMarseille Beige,,,,,,1,3,1,AVAILABLE,,,,Material belum tersedia dengan kunci Vendor + Brand + SKU; SKU sample tidak tersedia di sumber; Vendor belum match tepat,Material candidate: matcand_sample_4e1525a9698e
sample_sheet1_r0080,Sheet1,80,63,Tile,Roman,G330801 dLastrico Grey,,,,,,1,3,1,AVAILABLE,,,,Material belum tersedia dengan kunci Vendor + Brand + SKU; SKU sample tidak tersedia di sumber; Vendor belum match tepat,Material candidate: matcand_sample_0bf15983f9ff
sample_sheet1_r0081,Sheet1,81,64,Tile,Roman,GT602156R dMarseille Grey,,,,,,1,3,1,AVAILABLE,,,,Material belum tersedia dengan kunci Vendor + Brand + SKU; SKU sample tidak tersedia di sumber; Vendor belum match tepat,Material candidate: matcand_sample_61b062036a01
sample_sheet1_r0082,Sheet1,82,65,Tile,Roman,GT602023R dBali Beige,,,,,,1,3,1,BORROWED,berkah,,,Material belum tersedia dengan kunci Vendor + Brand + SKU; SKU sample tidak tersedia di sumber; Vendor belum match tepat,Material candidate: matcand_sample_d8c16daa4651
sample_sheet1_r0083,Sheet1,83,66,Tile,Roman,GT602602R dTerazzo Charcoal,,,,,,1,3,1,AVAILABLE,,,,Material belum tersedia dengan kunci Vendor + Brand + SKU; SKU sample tidak tersedia di sumber; Vendor belum match tepat,Material candidate: matcand_sample_35befd45361b
sample_sheet1_r0084,Sheet1,84,67,Tile,Roman,GT1262003R dConcreto Grigio,,,,,,1,3,1,AVAILABLE,,,,Material belum tersedia dengan kunci Vendor + Brand + SKU; SKU sample tidak tersedia di sumber; Vendor belum match tepat,Material candidate: matcand_sample_88125c9c0a23
sample_sheet1_r0085,Sheet1,85,68,Tile,Roman,GT912237R,Mahony pine,,,,,1,3,1,BORROWED,berkah,,,Material belum tersedia dengan kunci Vendor + Brand + SKU; SKU sample tidak tersedia di sumber; Vendor belum match tepat,Material candidate: matcand_sample_ad30bc96d342
sample_sheet1_r0086,Sheet1,86,69,Tile,Roman,GT912238R,Mahony rosato,,,,,1,3,1,AVAILABLE,,,,Material belum tersedia dengan kunci Vendor + Brand + SKU; SKU sample tidak tersedia di sumber; Vendor belum match tepat,Material candidate: matcand_sample_ba1ed6242f2a
sample_sheet1_r0087,Sheet1,87,82,Tile,Niro,GCA05,,,,,,1,4,1,BORROWED,Berkah,Di ambil mas ber,,Material belum tersedia dengan kunci Vendor + Brand + SKU; SKU sample tidak tersedia di sumber; Vendor belum match tepat,Material candidate: matcand_sample_578b2ad0b4e5
sample_sheet1_r0088,Sheet1,88,71,Tile,Venus,Marble Sand ivory,,ven_b8b22aedc372,,,,1,4,1,AVAILABLE,,,,Material belum tersedia dengan kunci Vendor + Brand + SKU; SKU sample tidak tersedia di sumber,Material candidate: matcand_sample_a9c06cf70c97
sample_sheet1_r0089,Sheet1,89,72,Tile,DPhaus,Beton Grigio,,ven_68902a22673b,,,,1,4,1,AVAILABLE,,,,Material belum tersedia dengan kunci Vendor + Brand + SKU; SKU sample tidak tersedia di sumber,Material candidate: matcand_sample_8620fda529d6
sample_sheet1_r0090,Sheet1,90,73,Tile,DPhaus,Florence,,ven_68902a22673b,,,,1,4,1,AVAILABLE,,,,Material belum tersedia dengan kunci Vendor + Brand + SKU; SKU sample tidak tersedia di sumber,Material candidate: matcand_sample_0ccf77178f52
sample_sheet1_r0091,Sheet1,91,74,Tile,DPhaus,Engineering Stone W,,ven_68902a22673b,,,,1,4,1,AVAILABLE,,,,Material belum tersedia dengan kunci Vendor + Brand + SKU; SKU sample tidak tersedia di sumber,Material candidate: matcand_sample_feeaf9acf92d
sample_sheet1_r0092,Sheet1,92,75,Tile,DPhaus,Terrazzo Nero,,ven_68902a22673b,,,,1,4,1,AVAILABLE,,,,Material belum tersedia dengan kunci Vendor + Brand + SKU; SKU sample tidak tersedia di sumber,Material candidate: matcand_sample_f228e8db8147
sample_sheet1_r0093,Sheet1,93,76,Tile,Venus,FS0013mc,,ven_b8b22aedc372,,,,1,4,1,AVAILABLE,,,,Material belum tersedia dengan kunci Vendor + Brand + SKU; SKU sample tidak tersedia di sumber,Material candidate: matcand_sample_ebfe5c06c537
sample_sheet1_r0094,Sheet1,94,77,Tile,Venus,WSSZ009M,,ven_b8b22aedc372,,,,1,4,1,AVAILABLE,,,,Material belum tersedia dengan kunci Vendor + Brand + SKU; SKU sample tidak tersedia di sumber,Material candidate: matcand_sample_d47061ed3da4
sample_sheet1_r0095,Sheet1,95,78,Tile,Venus,YS60303,,ven_b8b22aedc372,,,,1,4,1,AVAILABLE,,,,Material belum tersedia dengan kunci Vendor + Brand + SKU; SKU sample tidak tersedia di sumber,Material candidate: matcand_sample_b82c076861ca
sample_sheet1_r0096,Sheet1,96,79,Tile,Venus,YS60231,,ven_b8b22aedc372,,,,1,4,1,AVAILABLE,,,,Material belum tersedia dengan kunci Vendor + Brand + SKU; SKU sample tidak tersedia di sumber,Material candidate: matcand_sample_1e3e6283983c
sample_sheet1_r0097,Sheet1,97,80,Tile,Venus,YS60232,,ven_b8b22aedc372,,,,1,4,1,AVAILABLE,,,,Material belum tersedia dengan kunci Vendor + Brand + SKU; SKU sample tidak tersedia di sumber,Material candidate: matcand_sample_5139ef8661b4
sample_sheet1_r0098,Sheet1,98,81,Tile,Venus,ICC upstone cloud,,ven_b8b22aedc372,,,,1,4,1,AVAILABLE,,,,Material belum tersedia dengan kunci Vendor + Brand + SKU; SKU sample tidak tersedia di sumber,Material candidate: matcand_sample_1ccb137f99ec
sample_sheet1_r0099,Sheet1,99,83,Tile,Dphaus,Terrazo blue chip,,ven_68902a22673b,,,,1,4,1,AVAILABLE,,,,Material belum tersedia dengan kunci Vendor + Brand + SKU; SKU sample tidak tersedia di sumber,Material candidate: matcand_sample_267d6c817724
sample_sheet1_r0100,Sheet1,100,70,Tile,Niro Granite,GTG06 Arini,,,,,,1,4,1,AVAILABLE,,,,Material belum tersedia dengan kunci Vendor + Brand + SKU; SKU sample tidak tersedia di sumber; Vendor belum match tepat,Material candidate: matcand_sample_573d887dd20e
sample_sheet1_r0101,Sheet1,101,84,Tile,Wisma sehati,HY-HG60069,,ven_c1ab493c45f7,,,,1,5,1,AVAILABLE,,,,Material belum tersedia dengan kunci Vendor + Brand + SKU; SKU sample tidak tersedia di sumber,Material candidate: matcand_sample_483eb52beec1
sample_sheet1_r0102,Sheet1,102,85,Tile,Wisma sehati,HY-HG60064,,ven_c1ab493c45f7,,,,1,5,1,AVAILABLE,,,,Material belum tersedia dengan kunci Vendor + Brand + SKU; SKU sample tidak tersedia di sumber,Material candidate: matcand_sample_d953234b32b7
sample_sheet1_r0103,Sheet1,103,86,Tile,Wisma sehati,Elora sand stone,beige,ven_c1ab493c45f7,,,,1,5,1,AVAILABLE,,,,Material belum tersedia dengan kunci Vendor + Brand + SKU; SKU sample tidak tersedia di sumber,Material candidate: matcand_sample_6d5e59f31c64
sample_sheet1_r0104,Sheet1,104,87,Tile,Wisma sehati,Elora RC36802 cement,grey,ven_c1ab493c45f7,,,,1,5,1,AVAILABLE,,,,Material belum tersedia dengan kunci Vendor + Brand + SKU; SKU sample tidak tersedia di sumber,Material candidate: matcand_sample_95bfc784b41c
sample_sheet1_r0105,Sheet1,105,88,Tile,Wisma sehati,Elora K32303 terazo,White,ven_c1ab493c45f7,,,,1,5,1,AVAILABLE,,,,Material belum tersedia dengan kunci Vendor + Brand + SKU; SKU sample tidak tersedia di sumber,Material candidate: matcand_sample_569d464a6bf5
sample_sheet1_r0106,Sheet1,106,89,Tile,Wisma sehati,Elora RC36803 cement,Dark grey,ven_c1ab493c45f7,,,,1,5,1,AVAILABLE,,,,Material belum tersedia dengan kunci Vendor + Brand + SKU; SKU sample tidak tersedia di sumber,Material candidate: matcand_sample_2d0c48b004f2
sample_sheet1_r0107,Sheet1,107,90,Tile,Wisma sehati,Allia Antique Stone,Light Grey,ven_c1ab493c45f7,,,,1,5,1,AVAILABLE,,,,Material belum tersedia dengan kunci Vendor + Brand + SKU; SKU sample tidak tersedia di sumber,Material candidate: matcand_sample_bea37c6311ab
sample_sheet1_r0108,Sheet1,108,92,Tile,Wisma sehati,Allia mz120lismore,Light grey,ven_c1ab493c45f7,,,,1,5,1,AVAILABLE,,,,Material belum tersedia dengan kunci Vendor + Brand + SKU; SKU sample tidak tersedia di sumber,Material candidate: matcand_sample_13ad88fe874e
sample_sheet1_r0109,Sheet1,109,93,Tile,Wisma sehati,Elora Sand stone,Black,ven_c1ab493c45f7,,,,1,5,1,AVAILABLE,,,,Material belum tersedia dengan kunci Vendor + Brand + SKU; SKU sample tidak tersedia di sumber,Material candidate: matcand_sample_b02a8affc249
sample_sheet1_r0110,Sheet1,110,94,Tile,Wisma sehati,Elora sand stone,Grey,ven_c1ab493c45f7,,,,1,5,1,AVAILABLE,,,,Material belum tersedia dengan kunci Vendor + Brand + SKU; SKU sample tidak tersedia di sumber,Material candidate: matcand_sample_1f6c58155165
sample_sheet1_r0111,Sheet1,111,95,Tile,Wisma sehati,Rocky,Beige,ven_c1ab493c45f7,,,,1,5,1,AVAILABLE,,,,Material belum tersedia dengan kunci Vendor + Brand + SKU; SKU sample tidak tersedia di sumber,Material candidate: matcand_sample_895eab7b7125
sample_sheet1_r0112,Sheet1,112,96,Tile,Wisma sehati,Galaxy,Dark grey,ven_c1ab493c45f7,,,,1,5,1,AVAILABLE,,,,Material belum tersedia dengan kunci Vendor + Brand + SKU; SKU sample tidak tersedia di sumber,Material candidate: matcand_sample_d3e182587958
sample_sheet1_r0113,Sheet1,113,97,Tile,Wisma sehati,lava,Grey matt,ven_c1ab493c45f7,,,,1,5,1,AVAILABLE,,,,Material belum tersedia dengan kunci Vendor + Brand + SKU; SKU sample tidak tersedia di sumber,Material candidate: matcand_sample_14e65da7d131
sample_sheet1_r0114,Sheet1,114,98,Tile,Wisma sehati,Turkish sand stone,Dark grey,ven_c1ab493c45f7,,,,1,5,1,AVAILABLE,,,,Material belum tersedia dengan kunci Vendor + Brand + SKU; SKU sample tidak tersedia di sumber,Material candidate: matcand_sample_f4050b8e5f30
sample_sheet1_r0115,Sheet1,115,99,Tile,Wisma sehati,Burlington,Black matt,ven_c1ab493c45f7,,,,1,5,1,AVAILABLE,,,,Material belum tersedia dengan kunci Vendor + Brand + SKU; SKU sample tidak tersedia di sumber,Material candidate: matcand_sample_e56e8ddd88a1
sample_sheet1_r0116,Sheet1,116,100,Tile,Wisma sehati,Elora RC 36862,,ven_c1ab493c45f7,,,,1,5,1,AVAILABLE,,,,Material belum tersedia dengan kunci Vendor + Brand + SKU; SKU sample tidak tersedia di sumber,Material candidate: matcand_sample_99fd9063fa87
sample_sheet1_r0117,Sheet1,117,101,Tile,Wisma sehati,Kiel,Beige,ven_c1ab493c45f7,,,,1,5,1,AVAILABLE,,,,Material belum tersedia dengan kunci Vendor + Brand + SKU; SKU sample tidak tersedia di sumber,Material candidate: matcand_sample_699e8c98b137
sample_sheet1_r0118,Sheet1,118,102,Tile,Wisma sehati,Soho Ash 6003,,ven_c1ab493c45f7,,,,1,5,1,AVAILABLE,,,,Material belum tersedia dengan kunci Vendor + Brand + SKU; SKU sample tidak tersedia di sumber,Material candidate: matcand_sample_c296840fd616
sample_sheet1_r0119,Sheet1,119,103,Tile,Wisma sehati,Galaxy,Dark grey,ven_c1ab493c45f7,,,,1,5,1,AVAILABLE,,,,Material belum tersedia dengan kunci Vendor + Brand + SKU; SKU sample tidak tersedia di sumber,Material candidate: matcand_sample_d3e182587958
sample_sheet1_r0120,Sheet1,120,104,Tile,Wisma sehati,Allia MCP zh6497 Gravity,Light grey,ven_c1ab493c45f7,,,,1,5,1,AVAILABLE,,,,Material belum tersedia dengan kunci Vendor + Brand + SKU; SKU sample tidak tersedia di sumber,Material candidate: matcand_sample_be3d01054e9f
sample_sheet1_r0121,Sheet1,121,105,Tile,Wisma sehati,Opus almond,,ven_c1ab493c45f7,,,,1,5,1,AVAILABLE,,,,Material belum tersedia dengan kunci Vendor + Brand + SKU; SKU sample tidak tersedia di sumber,Material candidate: matcand_sample_5278df6cf65a
sample_sheet1_r0122,Sheet1,122,106,Tile,Wisma sehati,Elora K32303A terazo,Grey,ven_c1ab493c45f7,,,,1,5,1,AVAILABLE,,,,Material belum tersedia dengan kunci Vendor + Brand + SKU; SKU sample tidak tersedia di sumber,Material candidate: matcand_sample_619ac43034fc
sample_sheet1_r0123,Sheet1,123,107,Tile,Wisma sehati,Elora gravel stone,Beige,ven_c1ab493c45f7,,,,1,5,1,AVAILABLE,,,,Material belum tersedia dengan kunci Vendor + Brand + SKU; SKU sample tidak tersedia di sumber,Material candidate: matcand_sample_f27f8450bccc
sample_sheet1_r0124,Sheet1,124,108,Tile,Wisma sehati,Opus ash GJWOTASN01P,,ven_c1ab493c45f7,,,,1,5,1,AVAILABLE,,,,Material belum tersedia dengan kunci Vendor + Brand + SKU; SKU sample tidak tersedia di sumber,Material candidate: matcand_sample_6635fbc4fe2e
sample_sheet1_r0125,Sheet1,125,109,Tile,Wisma sehati,Allia Q9906D,,ven_c1ab493c45f7,,,,1,5,1,AVAILABLE,,,,Material belum tersedia dengan kunci Vendor + Brand + SKU; SKU sample tidak tersedia di sumber,Material candidate: matcand_sample_8e6aa3dfa108
sample_sheet1_r0126,Sheet1,126,110,Tile,Wisma sehati,Elora Gravel stone,Beige,ven_c1ab493c45f7,,,,1,5,1,AVAILABLE,,,,Material belum tersedia dengan kunci Vendor + Brand + SKU; SKU sample tidak tersedia di sumber,Material candidate: matcand_sample_f27f8450bccc
sample_sheet1_r0127,Sheet1,127,111,Tile,Wisma sehati,Opus Under,,ven_c1ab493c45f7,,,,1,5,1,AVAILABLE,,,,Material belum tersedia dengan kunci Vendor + Brand + SKU; SKU sample tidak tersedia di sumber,Material candidate: matcand_sample_654031829cc1
sample_sheet1_r0128,Sheet1,128,112,Tile,Wisma sehati,Elora stone light grey,,ven_c1ab493c45f7,,,,1,5,1,AVAILABLE,,,,Material belum tersedia dengan kunci Vendor + Brand + SKU; SKU sample tidak tersedia di sumber,Material candidate: matcand_sample_45b5ec720074
sample_sheet1_r0129,Sheet1,129,113,Tile,Wisma sehati,Rocky,Cream,ven_c1ab493c45f7,,,,1,5,1,AVAILABLE,,,,Material belum tersedia dengan kunci Vendor + Brand + SKU; SKU sample tidak tersedia di sumber,Material candidate: matcand_sample_aefd147cc734
sample_sheet1_r0130,Sheet1,130,114,Tile,Wisma sehati,Elora Gravel stone,Dark brown,ven_c1ab493c45f7,,,,1,5,1,AVAILABLE,,,,Material belum tersedia dengan kunci Vendor + Brand + SKU; SKU sample tidak tersedia di sumber,Material candidate: matcand_sample_5f14c1ef6f98
sample_sheet1_r0131,Sheet1,131,115,Tile,Wisma sehati,Elora Stone Age,Beige,ven_c1ab493c45f7,,,,1,5,1,AVAILABLE,,,,Material belum tersedia dengan kunci Vendor + Brand + SKU; SKU sample tidak tersedia di sumber,Material candidate: matcand_sample_8c14cf3b3adb
sample_sheet1_r0132,Sheet1,132,116,Tile,Wisma sehati,Galaxy brown rough,,ven_c1ab493c45f7,,,,1,5,1,AVAILABLE,,,,Material belum tersedia dengan kunci Vendor + Brand + SKU; SKU sample tidak tersedia di sumber,Material candidate: matcand_sample_db6b6749ca14
sample_sheet1_r0133,Sheet1,133,117,Tile,Wisma sehati,Impac ivory,,ven_c1ab493c45f7,,,,1,5,1,AVAILABLE,,,,Material belum tersedia dengan kunci Vendor + Brand + SKU; SKU sample tidak tersedia di sumber,Material candidate: matcand_sample_a39c9db624dc
sample_sheet1_r0134,Sheet1,134,118,Tile,Wisma sehati,lava,White matt,ven_c1ab493c45f7,,,,1,5,1,AVAILABLE,,,,Material belum tersedia dengan kunci Vendor + Brand + SKU; SKU sample tidak tersedia di sumber,Material candidate: matcand_sample_1b52b57f2e2b
sample_sheet1_r0135,Sheet1,135,119,Tile,Wisma sehati,Ice stone brown gizmatt 2.0,,ven_c1ab493c45f7,,,,1,5,1,AVAILABLE,,,,Material belum tersedia dengan kunci Vendor + Brand + SKU; SKU sample tidak tersedia di sumber,Material candidate: matcand_sample_f720d1b630f6
sample_sheet1_r0136,Sheet1,136,120,Tile,Niro,GHR 03,,,,,,1,6,1,BORROWED,Nofan,Sample untuk proyek CP,,Material belum tersedia dengan kunci Vendor + Brand + SKU; SKU sample tidak tersedia di sumber; Vendor belum match tepat,Material candidate: matcand_sample_73dcfad2668f
sample_sheet1_r0137,Sheet1,137,91,Tile,Wisma sehati,Allia Q9908D Antique stone,Dark grey,ven_c1ab493c45f7,,,,1,6,1,AVAILABLE,,,,Material belum tersedia dengan kunci Vendor + Brand + SKU; SKU sample tidak tersedia di sumber,Material candidate: matcand_sample_c336b8001428
sample_sheet1_r0138,Sheet1,138,121,Tile,Niro,GIP 03,,,,,,1,6,1,AVAILABLE,,,,Material belum tersedia dengan kunci Vendor + Brand + SKU; SKU sample tidak tersedia di sumber; Vendor belum match tepat,Material candidate: matcand_sample_94bb424ccd6e
sample_sheet1_r0139,Sheet1,139,122,Tile,Niro,GCA 01 MP,,,,,,1,6,1,AVAILABLE,,,,Material belum tersedia dengan kunci Vendor + Brand + SKU; SKU sample tidak tersedia di sumber; Vendor belum match tepat,Material candidate: matcand_sample_c657f42c2d75
sample_sheet1_r0140,Sheet1,140,123,Tile,Niro,GHR 05,,,,,,1,6,1,AVAILABLE,,,,Material belum tersedia dengan kunci Vendor + Brand + SKU; SKU sample tidak tersedia di sumber; Vendor belum match tepat,Material candidate: matcand_sample_6101d5bf0a16
sample_sheet1_r0141,Sheet1,141,124,Tile,Niro,GNX 04,,,,,,1,6,1,AVAILABLE,,,,Material belum tersedia dengan kunci Vendor + Brand + SKU; SKU sample tidak tersedia di sumber; Vendor belum match tepat,Material candidate: matcand_sample_a1c8d0f11998
sample_sheet1_r0142,Sheet1,142,125,Tile,Niro,GTZ 01,,,,,,1,6,1,AVAILABLE,,,,Material belum tersedia dengan kunci Vendor + Brand + SKU; SKU sample tidak tersedia di sumber; Vendor belum match tepat,Material candidate: matcand_sample_99c9bb8ecb8b
sample_sheet1_r0143,Sheet1,143,126,Tile,Niro,GTE 05 MP,,,,,,1,6,1,AVAILABLE,,,,Material belum tersedia dengan kunci Vendor + Brand + SKU; SKU sample tidak tersedia di sumber; Vendor belum match tepat,Material candidate: matcand_sample_abfa73dcfa04
sample_sheet1_r0144,Sheet1,144,127,Tile,Niro,GPB 05,,,,,,1,6,1,AVAILABLE,,,,Material belum tersedia dengan kunci Vendor + Brand + SKU; SKU sample tidak tersedia di sumber; Vendor belum match tepat,Material candidate: matcand_sample_0a7e6d683d0a
sample_sheet1_r0145,Sheet1,145,,Tile,Niro,Clay art GCA04,Matt,,,,,1,6,1,AVAILABLE,,,,Material belum tersedia dengan kunci Vendor + Brand + SKU; SKU sample tidak tersedia di sumber; Vendor belum match tepat,Material candidate: matcand_sample_d65f9977f5d5
sample_sheet1_r0146,Sheet1,146,,Tile,Niro,Plar black GPB03 moon rock,Matt,,,,,1,6,1,AVAILABLE,,,,Material belum tersedia dengan kunci Vendor + Brand + SKU; SKU sample tidak tersedia di sumber; Vendor belum match tepat,Material candidate: matcand_sample_3a339e0f3d7b
sample_sheet1_r0147,Sheet1,147,,Tile,Niro,Urbane GUR05 Berlin,,,,,,1,6,1,AVAILABLE,,,,Material belum tersedia dengan kunci Vendor + Brand + SKU; SKU sample tidak tersedia di sumber; Vendor belum match tepat,Material candidate: matcand_sample_0513101196f6
sample_sheet1_r0148,Sheet1,148,,Tile,Granito,Stardust vesta,,ven_1ff42278ed14,,,,1,6,1,AVAILABLE,,,,Material belum tersedia dengan kunci Vendor + Brand + SKU; SKU sample tidak tersedia di sumber,Material candidate: matcand_sample_6cf4708aa5c9
sample_sheet1_r0149,Sheet1,149,,Tile,Granito,Stardust universe,,ven_1ff42278ed14,,,,1,6,1,AVAILABLE,,,,Material belum tersedia dengan kunci Vendor + Brand + SKU; SKU sample tidak tersedia di sumber,Material candidate: matcand_sample_9d82f26df7c8
sample_sheet1_r0150,Sheet1,150,,Tile,Granito,Stardust minerva,,ven_1ff42278ed14,,,,1,6,1,AVAILABLE,,,,Material belum tersedia dengan kunci Vendor + Brand + SKU; SKU sample tidak tersedia di sumber,Material candidate: matcand_sample_92392d5ecc29
sample_sheet1_r0151,Sheet1,151,,Tile,Granito,Stardust moonlight,,ven_1ff42278ed14,,,,1,6,1,AVAILABLE,,,,Material belum tersedia dengan kunci Vendor + Brand + SKU; SKU sample tidak tersedia di sumber,Material candidate: matcand_sample_7fcde0a4f318
sample_sheet1_r0152,Sheet1,152,,Tile,Granito,Stardust Pallas,,ven_1ff42278ed14,,,,1,6,1,AVAILABLE,,,,Material belum tersedia dengan kunci Vendor + Brand + SKU; SKU sample tidak tersedia di sumber,Material candidate: matcand_sample_e25b80020233
sample_sheet1_r0153,Sheet1,153,,Tile,Granito,Stardust Eris,,ven_1ff42278ed14,,,,1,6,1,AVAILABLE,,,,Material belum tersedia dengan kunci Vendor + Brand + SKU; SKU sample tidak tersedia di sumber,Material candidate: matcand_sample_af4cd4d8f70c
sample_sheet1_r0154,Sheet1,154,,Tile,Granito,Stardust Lyra,,ven_1ff42278ed14,,,,1,6,1,AVAILABLE,,,,Material belum tersedia dengan kunci Vendor + Brand + SKU; SKU sample tidak tersedia di sumber,Material candidate: matcand_sample_c9c265e9f07f
sample_sheet1_r0155,Sheet1,155,145,Tile,Niro,GNL 01 mp,,,,,,1,7,1,BORROWED,Berkah,Di ambil mas ber,,Material belum tersedia dengan kunci Vendor + Brand + SKU; SKU sample tidak tersedia di sumber; Vendor belum match tepat,Material candidate: matcand_sample_fe2f8b8c850e
sample_sheet1_r0156,Sheet1,156,128,Tile,Guocera,Sugi grey wood,,,,,,1,7,1,AVAILABLE,,,,Material belum tersedia dengan kunci Vendor + Brand + SKU; SKU sample tidak tersedia di sumber; Vendor belum match tepat,Material candidate: matcand_sample_63c234534fef
sample_sheet1_r0157,Sheet1,157,129,Tile,Roman,GT612210R,Dalder maple,,,,,1,7,1,AVAILABLE,,,,Material belum tersedia dengan kunci Vendor + Brand + SKU; SKU sample tidak tersedia di sumber; Vendor belum match tepat,Material candidate: matcand_sample_74b57a28fc24
sample_sheet1_r0158,Sheet1,158,130,Tile,Roman,Douglas wood,,,,,,1,7,1,AVAILABLE,,,,Material belum tersedia dengan kunci Vendor + Brand + SKU; SKU sample tidak tersedia di sumber; Vendor belum match tepat,Material candidate: matcand_sample_21c30a195126
sample_sheet1_r0159,Sheet1,159,131,Tile,Roman,GT912201R,Beige,,,,,1,7,1,AVAILABLE,,,,Material belum tersedia dengan kunci Vendor + Brand + SKU; SKU sample tidak tersedia di sumber; Vendor belum match tepat,Material candidate: matcand_sample_c7e9e6fc9e43
sample_sheet1_r0160,Sheet1,160,132,Tile,DPhaus,Terrazo blue chip,,ven_68902a22673b,,,,1,7,1,AVAILABLE,,,,Material belum tersedia dengan kunci Vendor + Brand + SKU; SKU sample tidak tersedia di sumber,Material candidate: matcand_sample_267d6c817724
sample_sheet1_r0161,Sheet1,161,133,Tile,Roman,Magnum terrazo,White,,,,,1,7,1,AVAILABLE,,,,Material belum tersedia dengan kunci Vendor + Brand + SKU; SKU sample tidak tersedia di sumber; Vendor belum match tepat,Material candidate: matcand_sample_3efc4409cb82
sample_sheet1_r0162,Sheet1,162,134,Tile,DPhaus,Terrazo palermo,,ven_68902a22673b,,,,1,7,1,AVAILABLE,,,,Material belum tersedia dengan kunci Vendor + Brand + SKU; SKU sample tidak tersedia di sumber,Material candidate: matcand_sample_8a1c86906df9
sample_sheet1_r0163,Sheet1,163,135,Tile,DPhaus,Trrazo pantone,,ven_68902a22673b,,,,1,7,1,AVAILABLE,,,,Material belum tersedia dengan kunci Vendor + Brand + SKU; SKU sample tidak tersedia di sumber,Material candidate: matcand_sample_0dec5032e311
sample_sheet1_r0164,Sheet1,164,136,Tile,Roman,GT1225502R,,,,,,1,7,1,AVAILABLE,,,,Material belum tersedia dengan kunci Vendor + Brand + SKU; SKU sample tidak tersedia di sumber; Vendor belum match tepat,Material candidate: matcand_sample_bcef1bfdb505
sample_sheet1_r0165,Sheet1,165,137,Tile,DPhaus,Teak Chik latte,Brown,ven_68902a22673b,,,,1,7,1,AVAILABLE,,,,Material belum tersedia dengan kunci Vendor + Brand + SKU; SKU sample tidak tersedia di sumber,Material candidate: matcand_sample_4d6c45cd3c63
sample_sheet1_r0166,Sheet1,166,138,Tile,DPhaus,Makore grey wood series,Grey,ven_68902a22673b,,,,1,7,1,AVAILABLE,,,,Material belum tersedia dengan kunci Vendor + Brand + SKU; SKU sample tidak tersedia di sumber,Material candidate: matcand_sample_f75119e14bdf
sample_sheet1_r0167,Sheet1,167,139,Tile,DPhaus,Makore coffee,grey,ven_68902a22673b,,,,1,7,1,AVAILABLE,,,,Material belum tersedia dengan kunci Vendor + Brand + SKU; SKU sample tidak tersedia di sumber,Material candidate: matcand_sample_fe1a38e3b4b4
sample_sheet1_r0168,Sheet1,168,140,Tile,DPhaus,Makore coffee,,ven_68902a22673b,,,,1,7,1,AVAILABLE,,,,Material belum tersedia dengan kunci Vendor + Brand + SKU; SKU sample tidak tersedia di sumber,Material candidate: matcand_sample_d194176b4151
sample_sheet1_r0169,Sheet1,169,141,Tile,DPhaus,Makore grey wood series,,ven_68902a22673b,,,,1,7,1,AVAILABLE,,,,Material belum tersedia dengan kunci Vendor + Brand + SKU; SKU sample tidak tersedia di sumber,Material candidate: matcand_sample_e84e404edf99
sample_sheet1_r0170,Sheet1,170,142,Tile,Roman,GT1225501R,,,,,,1,7,1,AVAILABLE,,,,Material belum tersedia dengan kunci Vendor + Brand + SKU; SKU sample tidak tersedia di sumber; Vendor belum match tepat,Material candidate: matcand_sample_06b37cdf1d24
sample_sheet1_r0171,Sheet1,171,143,Tile,Quadra,Dolomiti Bianco,,,,,,1,7,1,AVAILABLE,,,,Material belum tersedia dengan kunci Vendor + Brand + SKU; SKU sample tidak tersedia di sumber; Vendor belum match tepat,Material candidate: matcand_sample_efed4ef7d31a
sample_sheet1_r0172,Sheet1,172,144,Tile,Quadra,Statuario Marmi,,,,,,1,7,1,AVAILABLE,,,,Material belum tersedia dengan kunci Vendor + Brand + SKU; SKU sample tidak tersedia di sumber; Vendor belum match tepat,Material candidate: matcand_sample_5fa355d20c18
sample_sheet1_r0173,Sheet1,173,146,Tile,Niro,GGE 02 DC,,,,,,1,7,1,AVAILABLE,,,,Material belum tersedia dengan kunci Vendor + Brand + SKU; SKU sample tidak tersedia di sumber; Vendor belum match tepat,Material candidate: matcand_sample_1d4ff15d5444
sample_sheet1_r0174,Sheet1,174,149,Tile,Niro,GNT 02 matt,,,,,,1,7,1,AVAILABLE,,,,Material belum tersedia dengan kunci Vendor + Brand + SKU; SKU sample tidak tersedia di sumber; Vendor belum match tepat,Material candidate: matcand_sample_9e18c57a368e
sample_sheet1_r0175,Sheet1,175,147,Tile,Titanium,Terrazo pompei,Grey,ven_d37f48d80411,,,,1,7,1,AVAILABLE,,,,Material belum tersedia dengan kunci Vendor + Brand + SKU; SKU sample tidak tersedia di sumber,Material candidate: matcand_sample_67e6739bbc80
sample_sheet1_r0176,Sheet1,176,148,Tile,Elegenza,Nantucket,ash white,,,,,1,7,1,AVAILABLE,,,,Material belum tersedia dengan kunci Vendor + Brand + SKU; SKU sample tidak tersedia di sumber; Vendor belum match tepat,Material candidate: matcand_sample_f5a43b8c8cd0
sample_sheet1_r0177,Sheet1,177,150,Tile,Niro,GCU 03 mp,Ash grey,,,,,1,7,1,AVAILABLE,,,,Material belum tersedia dengan kunci Vendor + Brand + SKU; SKU sample tidak tersedia di sumber; Vendor belum match tepat,Material candidate: matcand_sample_a3c67951e17e
sample_sheet1_r0178,Sheet1,178,151,Tile,Niro,GNL 01 mp,,,,,,1,7,1,AVAILABLE,,,,Material belum tersedia dengan kunci Vendor + Brand + SKU; SKU sample tidak tersedia di sumber; Vendor belum match tepat,Material candidate: matcand_sample_fe2f8b8c850e
sample_sheet1_r0179,Sheet1,179,152,Tile,Niro,Granulo GNL 01 Matt,,,,,,1,7,1,AVAILABLE,,,,Material belum tersedia dengan kunci Vendor + Brand + SKU; SKU sample tidak tersedia di sumber; Vendor belum match tepat,Material candidate: matcand_sample_f4572bf26212
sample_sheet1_r0180,Sheet1,180,153,Tile,Niro,Granulo GNL 03,Bege,,,,,1,7,1,AVAILABLE,,,,Material belum tersedia dengan kunci Vendor + Brand + SKU; SKU sample tidak tersedia di sumber; Vendor belum match tepat,Material candidate: matcand_sample_a87c120de508
sample_sheet1_r0181,Sheet1,181,154,Tile,Roman,GT602136R,Dayton beige,,,,,1,7,1,BORROWED,berkah,,,Material belum tersedia dengan kunci Vendor + Brand + SKU; SKU sample tidak tersedia di sumber; Vendor belum match tepat,Material candidate: matcand_sample_b34e97f697c3
sample_sheet1_r0182,Sheet1,182,155,Tile,Elegenza,Nantucket,pine,,,,,1,7,1,AVAILABLE,,,,Material belum tersedia dengan kunci Vendor + Brand + SKU; SKU sample tidak tersedia di sumber; Vendor belum match tepat,Material candidate: matcand_sample_7bcac91222b3
sample_sheet1_r0183,Sheet1,183,156,Tile,DPhaus,Terrazo pantone,Lapato,ven_68902a22673b,,,,1,7,1,BORROWED,berkah,,,Material belum tersedia dengan kunci Vendor + Brand + SKU; SKU sample tidak tersedia di sumber,Material candidate: matcand_sample_03c5fd51d5fe
sample_sheet1_r0184,Sheet1,184,157,Tile,Wisma sehati,Opus terrazone almond,,ven_c1ab493c45f7,,,,1,7,1,AVAILABLE,,,,Material belum tersedia dengan kunci Vendor + Brand + SKU; SKU sample tidak tersedia di sumber,Material candidate: matcand_sample_b353c230dae7
sample_sheet1_r0185,Sheet1,185,158,Tile,Roman,GT915522R,Brown,,,,,1,7,1,BORROWED,berkah,,,Material belum tersedia dengan kunci Vendor + Brand + SKU; SKU sample tidak tersedia di sumber; Vendor belum match tepat,Material candidate: matcand_sample_c9d03feaa232
sample_sheet1_r0186,Sheet1,186,159,Tile,Venus,Takko pink ballerina wave glossy,Pink,ven_b8b22aedc372,,,,1,7,1,AVAILABLE,,,,Material belum tersedia dengan kunci Vendor + Brand + SKU; SKU sample tidak tersedia di sumber,Material candidate: matcand_sample_11f2313a2f33
sample_sheet1_r0187,Sheet1,187,160,Tile,Venus,Takko fancy pistachio wave glossy,,ven_b8b22aedc372,,,,1,7,1,AVAILABLE,,,,Material belum tersedia dengan kunci Vendor + Brand + SKU; SKU sample tidak tersedia di sumber,Material candidate: matcand_sample_29b764bf428a
sample_sheet1_r0188,Sheet1,188,161,Tile,Venus,Takko haze red scarlet glossy,,ven_b8b22aedc372,,,,1,7,1,AVAILABLE,,,,Material belum tersedia dengan kunci Vendor + Brand + SKU; SKU sample tidak tersedia di sumber,Material candidate: matcand_sample_2b19996cdb72
sample_sheet1_r0189,Sheet1,189,162,Tile,Venus,Mosaico terracotta,Red,ven_b8b22aedc372,,,,1,7,1,AVAILABLE,,,,Material belum tersedia dengan kunci Vendor + Brand + SKU; SKU sample tidak tersedia di sumber,Material candidate: matcand_sample_80bc893c9cd0
sample_sheet1_r0190,Sheet1,190,163,Tile,Venus,Mosaico,Green,ven_b8b22aedc372,,,,1,7,1,AVAILABLE,,,,Material belum tersedia dengan kunci Vendor + Brand + SKU; SKU sample tidak tersedia di sumber,Material candidate: matcand_sample_d55e83b7332e
sample_sheet1_r0191,Sheet1,191,164,Sample cat,,Dulux 21BG45/002,Alloy Touch,,,,,1,7,1,AVAILABLE,,,,Material belum tersedia dengan kunci Vendor + Brand + SKU; SKU sample tidak tersedia di sumber; Vendor belum match tepat; Brand kosong,Material candidate: matcand_sample_257c69436f2e
sample_sheet1_r0192,Sheet1,192,165,Sample cat,,Dulux 50YR75/111,Pink Chamagne,,,,,1,7,1,AVAILABLE,,,,Material belum tersedia dengan kunci Vendor + Brand + SKU; SKU sample tidak tersedia di sumber; Vendor belum match tepat; Brand kosong,Material candidate: matcand_sample_b9064b91fe47
sample_sheet1_r0193,Sheet1,193,166,Sample cat,,Dulux 51YR83/054,French Manicure,,,,,1,7,1,AVAILABLE,,,,Material belum tersedia dengan kunci Vendor + Brand + SKU; SKU sample tidak tersedia di sumber; Vendor belum match tepat; Brand kosong,Material candidate: matcand_sample_13e1ce6bff22
sample_sheet1_r0194,Sheet1,194,167,Sample cat,,Dulux 20YY38/225,Sable Sands,,,,,1,7,1,AVAILABLE,,,,Material belum tersedia dengan kunci Vendor + Brand + SKU; SKU sample tidak tersedia di sumber; Vendor belum match tepat; Brand kosong,Material candidate: matcand_sample_e0acb0a00d7f
sample_sheet1_r0195,Sheet1,195,168,Sample cat,,Black Satin,Black Satin,,,,,1,7,1,AVAILABLE,,,,Material belum tersedia dengan kunci Vendor + Brand + SKU; SKU sample tidak tersedia di sumber; Vendor belum match tepat; Brand kosong,Material candidate: matcand_sample_caabd9505aa2
sample_sheet1_r0196,Sheet1,196,169,Sample cat,,Dulux 22YR18/488,Routelle Red,,,,,1,7,1,AVAILABLE,,,,Material belum tersedia dengan kunci Vendor + Brand + SKU; SKU sample tidak tersedia di sumber; Vendor belum match tepat; Brand kosong,Material candidate: matcand_sample_35b4b7609e1e
sample_sheet1_r0197,Sheet1,197,170,Sample cat,,,Dark Grey,,,,,1,7,1,AVAILABLE,,,,Material belum tersedia dengan kunci Vendor + Brand + SKU; SKU sample tidak tersedia di sumber; Vendor belum match tepat; Brand kosong; Tipe/seri kosong,Material candidate: matcand_sample_bd35682af717
sample_sheet1_r0198,Sheet1,198,171,Tile,Infiniti,Concrete stone,White,ven_b0fbddb4123c,,,,1,7,1,AVAILABLE,,,,Material belum tersedia dengan kunci Vendor + Brand + SKU; SKU sample tidak tersedia di sumber,Material candidate: matcand_sample_6b85260c49f4
sample_sheet1_r0199,Sheet1,199,172,Tile,Infiniti,Cemento,Dark grey,ven_b0fbddb4123c,,,,1,7,1,AVAILABLE,,,,Material belum tersedia dengan kunci Vendor + Brand + SKU; SKU sample tidak tersedia di sumber,Material candidate: matcand_sample_04da2d57e866
sample_sheet1_r0200,Sheet1,200,173,Tile,Infiniti,Xenith,Cream,ven_b0fbddb4123c,,,,1,7,1,AVAILABLE,,,,Material belum tersedia dengan kunci Vendor + Brand + SKU; SKU sample tidak tersedia di sumber,Material candidate: matcand_sample_7d0e7eba9efa
sample_sheet1_r0201,Sheet1,201,174,Tile,Infiniti,Pietro,Brown,ven_b0fbddb4123c,,,,1,7,1,AVAILABLE,,,,Material belum tersedia dengan kunci Vendor + Brand + SKU; SKU sample tidak tersedia di sumber,Material candidate: matcand_sample_1e05e9146cad
sample_sheet1_r0202,Sheet1,202,175,Tile,Infiniti,Reggio,Grey,ven_b0fbddb4123c,,,,1,7,1,AVAILABLE,,,,Material belum tersedia dengan kunci Vendor + Brand + SKU; SKU sample tidak tersedia di sumber,Material candidate: matcand_sample_64c7aaa0e3b4
sample_sheet1_r0203,Sheet1,203,176,Tile,Infiniti,Terrazzo venice,Grey,ven_b0fbddb4123c,,,,1,7,1,AVAILABLE,,,,Material belum tersedia dengan kunci Vendor + Brand + SKU; SKU sample tidak tersedia di sumber,Material candidate: matcand_sample_2681b40bb45d
sample_sheet1_r0204,Sheet1,204,177,Tile,Infiniti,Stone,White,ven_b0fbddb4123c,,,,1,7,1,AVAILABLE,,,,Material belum tersedia dengan kunci Vendor + Brand + SKU; SKU sample tidak tersedia di sumber,Material candidate: matcand_sample_1b5e191c74d0
sample_sheet1_r0205,Sheet1,205,178,Tile,Infiniti,Xenit,White,ven_b0fbddb4123c,,,,1,7,1,AVAILABLE,,,,Material belum tersedia dengan kunci Vendor + Brand + SKU; SKU sample tidak tersedia di sumber,Material candidate: matcand_sample_d1a6d3062d62
sample_sheet1_r0206,Sheet1,206,179,Tile,Infiniti,Campora,Grey,ven_b0fbddb4123c,,,,1,7,1,AVAILABLE,,,,Material belum tersedia dengan kunci Vendor + Brand + SKU; SKU sample tidak tersedia di sumber,Material candidate: matcand_sample_26caed4d1550
sample_sheet1_r0207,Sheet1,207,180,Tile,Infiniti,Botricello,Grey,ven_b0fbddb4123c,,,,1,7,1,AVAILABLE,,,,Material belum tersedia dengan kunci Vendor + Brand + SKU; SKU sample tidak tersedia di sumber,Material candidate: matcand_sample_97875548e6d7
sample_sheet1_r0208,Sheet1,208,181,Tile,Infiniti,Terrazzo venice,Grey,ven_b0fbddb4123c,,,,1,7,1,AVAILABLE,,,,Material belum tersedia dengan kunci Vendor + Brand + SKU; SKU sample tidak tersedia di sumber,Material candidate: matcand_sample_2681b40bb45d
sample_sheet1_r0209,Sheet1,209,182,Tile,Infiniti,Terrazzo Terra,White,ven_b0fbddb4123c,,,,1,7,1,AVAILABLE,,,,Material belum tersedia dengan kunci Vendor + Brand + SKU; SKU sample tidak tersedia di sumber,Material candidate: matcand_sample_4ec8db0e0cb2
sample_sheet1_r0210,Sheet1,210,183,Tile,Infiniti,Terrazzo,Grey,ven_b0fbddb4123c,,,,1,7,1,AVAILABLE,,,,Material belum tersedia dengan kunci Vendor + Brand + SKU; SKU sample tidak tersedia di sumber,Material candidate: matcand_sample_e3e8396c627e
sample_sheet1_r0211,Sheet1,211,184,Tile,Infiniti,Cemento,Black,ven_b0fbddb4123c,,,,1,7,1,AVAILABLE,,,,Material belum tersedia dengan kunci Vendor + Brand + SKU; SKU sample tidak tersedia di sumber,Material candidate: matcand_sample_0a2a5647468b
sample_sheet1_r0212,Sheet1,212,185,Tile,Infiniti,Casoria,Black,ven_b0fbddb4123c,,,,1,7,1,AVAILABLE,,,,Material belum tersedia dengan kunci Vendor + Brand + SKU; SKU sample tidak tersedia di sumber,Material candidate: matcand_sample_c1d672528c77
sample_sheet1_r0213,Sheet1,213,186,Tile,Infiniti,Campora,Grey,ven_b0fbddb4123c,,,,1,7,1,AVAILABLE,,,,Material belum tersedia dengan kunci Vendor + Brand + SKU; SKU sample tidak tersedia di sumber,Material candidate: matcand_sample_26caed4d1550
sample_sheet1_r0214,Sheet1,214,187,Tile,Infiniti,Stone,Grey,ven_b0fbddb4123c,,,,1,7,1,AVAILABLE,,,,Material belum tersedia dengan kunci Vendor + Brand + SKU; SKU sample tidak tersedia di sumber,Material candidate: matcand_sample_081c2307455a
sample_sheet1_r0215,Sheet1,215,188,Tile,Infiniti,Cemento,Dark grey,ven_b0fbddb4123c,,,,1,7,1,AVAILABLE,,,,Material belum tersedia dengan kunci Vendor + Brand + SKU; SKU sample tidak tersedia di sumber,Material candidate: matcand_sample_04da2d57e866
sample_sheet1_r0216,Sheet1,216,189,Tile,Infiniti,Benevento,Grey,ven_b0fbddb4123c,,,,1,7,1,AVAILABLE,,,,Material belum tersedia dengan kunci Vendor + Brand + SKU; SKU sample tidak tersedia di sumber,Material candidate: matcand_sample_fcdc5b619702
sample_sheet1_r0217,Sheet1,217,190,Tile,Infiniti,Rotterdam,Cream,ven_b0fbddb4123c,,,,1,7,1,BORROWED,berkah,,,Material belum tersedia dengan kunci Vendor + Brand + SKU; SKU sample tidak tersedia di sumber,Material candidate: matcand_sample_938c7bd465e6
sample_sheet1_r0218,Sheet1,218,191,Tile,Infiniti,Terrazzo venice,White,ven_b0fbddb4123c,,,,1,7,1,AVAILABLE,,,,Material belum tersedia dengan kunci Vendor + Brand + SKU; SKU sample tidak tersedia di sumber,Material candidate: matcand_sample_bed9000db938
sample_sheet1_r0219,Sheet1,219,192,Tile,Infiniti,Reggio,Grey,ven_b0fbddb4123c,,,,1,7,1,AVAILABLE,,,,Material belum tersedia dengan kunci Vendor + Brand + SKU; SKU sample tidak tersedia di sumber,Material candidate: matcand_sample_64c7aaa0e3b4
sample_sheet1_r0220,Sheet1,220,193,Tile,Infiniti,Cemento,Grey,ven_b0fbddb4123c,,,,1,7,1,BORROWED,berkah,,,Material belum tersedia dengan kunci Vendor + Brand + SKU; SKU sample tidak tersedia di sumber,Material candidate: matcand_sample_cbc981a7d3cc
sample_sheet1_r0221,Sheet1,221,194,Tile,Titanium,Travertino,White,ven_d37f48d80411,,,,1,7,1,AVAILABLE,,,,Material belum tersedia dengan kunci Vendor + Brand + SKU; SKU sample tidak tersedia di sumber,Material candidate: matcand_sample_62b7eab4bf22
sample_sheet1_r0222,Sheet1,222,195,Tile,Titanium,Portland,Dark grey,ven_d37f48d80411,,,,1,7,1,AVAILABLE,,,,Material belum tersedia dengan kunci Vendor + Brand + SKU; SKU sample tidak tersedia di sumber,Material candidate: matcand_sample_2f3b3a9d84ce
sample_sheet1_r0223,Sheet1,223,196,Tile,Titanium,Ceppo,Dark grey,ven_d37f48d80411,,,,1,7,1,AVAILABLE,,,,Material belum tersedia dengan kunci Vendor + Brand + SKU; SKU sample tidak tersedia di sumber,Material candidate: matcand_sample_1ca6d62a8738
sample_sheet1_r0224,Sheet1,224,197,Tile,Titanium,Malaga grigio,,ven_d37f48d80411,,,,1,7,1,AVAILABLE,,,,Material belum tersedia dengan kunci Vendor + Brand + SKU; SKU sample tidak tersedia di sumber,Material candidate: matcand_sample_e2e06eadfc42
sample_sheet1_r0225,Sheet1,225,198,Tile,Titanium,Vermont,Cream,ven_d37f48d80411,,,,1,7,1,AVAILABLE,,,,Material belum tersedia dengan kunci Vendor + Brand + SKU; SKU sample tidak tersedia di sumber,Material candidate: matcand_sample_11dbb63349d4
sample_sheet1_r0226,Sheet1,226,199,Tile,Titanium,Armani Crema,,ven_d37f48d80411,,,,1,7,1,AVAILABLE,,,,Material belum tersedia dengan kunci Vendor + Brand + SKU; SKU sample tidak tersedia di sumber,Material candidate: matcand_sample_3f941b786f6a
sample_sheet1_r0227,Sheet1,227,200,Wall finish,Bowe,Carving WPC,,ven_dd2051ab9f98,,,,1,7,1,AVAILABLE,,,,Material belum tersedia dengan kunci Vendor + Brand + SKU; SKU sample tidak tersedia di sumber,Material candidate: matcand_sample_c342169f674b
sample_sheet1_r0228,Sheet1,228,201,Wall finish,Bowe,Highlight silver,,ven_dd2051ab9f98,,,,1,7,1,AVAILABLE,,,,Material belum tersedia dengan kunci Vendor + Brand + SKU; SKU sample tidak tersedia di sumber,Material candidate: matcand_sample_cb5162ca5fc8
sample_sheet1_r0229,Sheet1,229,202,Wall finish,Bowe,Silver wire,,ven_dd2051ab9f98,,,,1,7,1,AVAILABLE,,,,Material belum tersedia dengan kunci Vendor + Brand + SKU; SKU sample tidak tersedia di sumber,Material candidate: matcand_sample_85ff82e07aea
sample_sheet1_r0230,Sheet1,230,203,Wall finish,Bowe,Shining gold,,ven_dd2051ab9f98,,,,1,7,1,AVAILABLE,,,,Material belum tersedia dengan kunci Vendor + Brand + SKU; SKU sample tidak tersedia di sumber,Material candidate: matcand_sample_735455afb710
sample_sheet1_r0231,Sheet1,231,204,Wall finish,Mozza tile,Plaza glossy,Black,,,,,1,7,1,AVAILABLE,,,,Material belum tersedia dengan kunci Vendor + Brand + SKU; SKU sample tidak tersedia di sumber; Vendor belum match tepat,Material candidate: matcand_sample_41672f5a91ec
sample_sheet1_r0232,Sheet1,232,205,Wall finish,Mozza tile,Plaza Matte,Black,,,,,1,7,1,AVAILABLE,,,,Material belum tersedia dengan kunci Vendor + Brand + SKU; SKU sample tidak tersedia di sumber; Vendor belum match tepat,Material candidate: matcand_sample_5d55efff15d5
sample_sheet1_r0233,Sheet1,233,,Tile,Habibat,Cementi d Gris,,,,,,1,7,1,AVAILABLE,,,,Material belum tersedia dengan kunci Vendor + Brand + SKU; SKU sample tidak tersedia di sumber; Vendor belum match tepat,Material candidate: matcand_sample_58f0d892ca21
sample_sheet1_r0234,Sheet1,234,,Tile,Habibat,Cementi cream,,,,,,1,7,1,AVAILABLE,,,,Material belum tersedia dengan kunci Vendor + Brand + SKU; SKU sample tidak tersedia di sumber; Vendor belum match tepat,Material candidate: matcand_sample_e9e55d597ab2
sample_sheet1_r0235,Sheet1,235,206,Tile,Titanium,Marlino Bianco,,ven_d37f48d80411,,,,1,8,1,AVAILABLE,,,,Material belum tersedia dengan kunci Vendor + Brand + SKU; SKU sample tidak tersedia di sumber,Material candidate: matcand_sample_bd8ec431476c
sample_sheet1_r0236,Sheet1,236,207,Tile,Titanium,Cement White,,ven_d37f48d80411,,,,1,8,1,AVAILABLE,,,,Material belum tersedia dengan kunci Vendor + Brand + SKU; SKU sample tidak tersedia di sumber,Material candidate: matcand_sample_18fc6ba919cf
sample_sheet1_r0237,Sheet1,237,208,Tile,Titanium,Belgium Dark Grey,,ven_d37f48d80411,,,,1,8,1,AVAILABLE,,,,Material belum tersedia dengan kunci Vendor + Brand + SKU; SKU sample tidak tersedia di sumber,Material candidate: matcand_sample_696ca6038390
sample_sheet1_r0238,Sheet1,238,209,Tile,Titanium,Verona Cream,,ven_d37f48d80411,,,,1,8,1,AVAILABLE,,,,Material belum tersedia dengan kunci Vendor + Brand + SKU; SKU sample tidak tersedia di sumber,Material candidate: matcand_sample_f6058e175f68
sample_sheet1_r0239,Sheet1,239,210,Tile,Titanium,Ardesia Grey,,ven_d37f48d80411,,,,1,8,1,AVAILABLE,,,,Material belum tersedia dengan kunci Vendor + Brand + SKU; SKU sample tidak tersedia di sumber,Material candidate: matcand_sample_545edea33799
sample_sheet1_r0240,Sheet1,240,211,Tile,Titanium,Portland Cream,,ven_d37f48d80411,,,,1,8,1,AVAILABLE,,,,Material belum tersedia dengan kunci Vendor + Brand + SKU; SKU sample tidak tersedia di sumber,Material candidate: matcand_sample_3d741741bdff
sample_sheet1_r0241,Sheet1,241,212,Tile,Titanium,Irish Verde,,ven_d37f48d80411,,,,1,8,1,AVAILABLE,,,,Material belum tersedia dengan kunci Vendor + Brand + SKU; SKU sample tidak tersedia di sumber,Material candidate: matcand_sample_43511bbf92f9
sample_sheet1_r0242,Sheet1,242,213,Tile,Titanium,Vermont White,,ven_d37f48d80411,,,,1,8,1,AVAILABLE,,,,Material belum tersedia dengan kunci Vendor + Brand + SKU; SKU sample tidak tersedia di sumber,Material candidate: matcand_sample_bce0fac1a766
sample_sheet1_r0243,Sheet1,243,214,Tile,Titanium,Marmeta White,,ven_d37f48d80411,,,,1,8,1,AVAILABLE,,,,Material belum tersedia dengan kunci Vendor + Brand + SKU; SKU sample tidak tersedia di sumber,Material candidate: matcand_sample_d4a67ae5ea04
sample_sheet1_r0244,Sheet1,244,215,Tile,Titanium,Frost Bianco,,ven_d37f48d80411,,,,1,8,1,AVAILABLE,,,,Material belum tersedia dengan kunci Vendor + Brand + SKU; SKU sample tidak tersedia di sumber,Material candidate: matcand_sample_245fe9851dc1
sample_sheet1_r0245,Sheet1,245,216,Tile,Titanium,Patagonia dorada,,ven_d37f48d80411,,,,1,8,1,AVAILABLE,,,,Material belum tersedia dengan kunci Vendor + Brand + SKU; SKU sample tidak tersedia di sumber,Material candidate: matcand_sample_ff995057271d
sample_sheet1_r0246,Sheet1,246,217,Tile,Titanium,Windsor Grey,,ven_d37f48d80411,,,,1,8,1,AVAILABLE,,,,Material belum tersedia dengan kunci Vendor + Brand + SKU; SKU sample tidak tersedia di sumber,Material candidate: matcand_sample_0998820ac3b4
sample_sheet1_r0247,Sheet1,247,218,Tile,Infiniti,Xyber Cream,,ven_b0fbddb4123c,,,,1,8,1,BORROWED,Andre,Sociolla garut,,Material belum tersedia dengan kunci Vendor + Brand + SKU; SKU sample tidak tersedia di sumber,Material candidate: matcand_sample_30cb2bcc7659
sample_sheet1_r0248,Sheet1,248,219,Tile,Infiniti,Terrazzo White,,ven_b0fbddb4123c,,,,1,8,1,BORROWED,Andre,Sociolla BCM medan,,Material belum tersedia dengan kunci Vendor + Brand + SKU; SKU sample tidak tersedia di sumber,Material candidate: matcand_sample_acb1d3c28965
sample_sheet1_r0249,Sheet1,249,220,Tile,Infiniti,Xena Grey,,ven_b0fbddb4123c,,,,1,8,1,BORROWED,Andre,sociolla PCM surabaya,,Material belum tersedia dengan kunci Vendor + Brand + SKU; SKU sample tidak tersedia di sumber,Material candidate: matcand_sample_ea961324ab23
sample_sheet1_r0250,Sheet1,250,221,Tile,Infiniti,Roque Light Grey,,ven_b0fbddb4123c,,,,1,8,1,AVAILABLE,,,,Material belum tersedia dengan kunci Vendor + Brand + SKU; SKU sample tidak tersedia di sumber,Material candidate: matcand_sample_4eb2ec164e37
sample_sheet1_r0251,Sheet1,251,222,Tile,Infiniti,Romania Grey,,ven_b0fbddb4123c,,,,1,8,1,AVAILABLE,,,,Material belum tersedia dengan kunci Vendor + Brand + SKU; SKU sample tidak tersedia di sumber,Material candidate: matcand_sample_59465e1083af
sample_sheet1_r0252,Sheet1,252,223,Tile,Infiniti,Reynosa Cream,,ven_b0fbddb4123c,,,,1,8,1,AVAILABLE,,,,Material belum tersedia dengan kunci Vendor + Brand + SKU; SKU sample tidak tersedia di sumber,Material candidate: matcand_sample_88d15bc336ae
sample_sheet1_r0253,Sheet1,253,224,Tile,Infiniti,Royston Grey,,ven_b0fbddb4123c,,,,1,8,1,AVAILABLE,,,,Material belum tersedia dengan kunci Vendor + Brand + SKU; SKU sample tidak tersedia di sumber,Material candidate: matcand_sample_56a9d906d179
sample_sheet1_r0254,Sheet1,254,225,Tile,Infiniti,Ramsey Grey,,ven_b0fbddb4123c,,,,1,8,1,AVAILABLE,,,,Material belum tersedia dengan kunci Vendor + Brand + SKU; SKU sample tidak tersedia di sumber,Material candidate: matcand_sample_d54025f2bc0b
sample_sheet1_r0255,Sheet1,255,226,Tile,Infiniti,Remmy Cream,,ven_b0fbddb4123c,,,,1,8,1,AVAILABLE,,,,Material belum tersedia dengan kunci Vendor + Brand + SKU; SKU sample tidak tersedia di sumber,Material candidate: matcand_sample_cd929595f597
sample_sheet1_r0256,Sheet1,256,227,Tile,Infiniti,Remmy Grey,,ven_b0fbddb4123c,,,,1,8,1,AVAILABLE,,,,Material belum tersedia dengan kunci Vendor + Brand + SKU; SKU sample tidak tersedia di sumber,Material candidate: matcand_sample_0c6c70dc3a33
sample_sheet1_r0257,Sheet1,257,228,Tile,Infiniti,Rodman Cream,,ven_b0fbddb4123c,,,,1,8,1,AVAILABLE,,,,Material belum tersedia dengan kunci Vendor + Brand + SKU; SKU sample tidak tersedia di sumber,Material candidate: matcand_sample_5f7490ce14d7
sample_sheet1_r0258,Sheet1,258,229,Tile,Infiniti,Rodman Brown,,ven_b0fbddb4123c,,,,1,8,1,AVAILABLE,,,,Material belum tersedia dengan kunci Vendor + Brand + SKU; SKU sample tidak tersedia di sumber,Material candidate: matcand_sample_546d0c1443cd
sample_sheet1_r0259,Sheet1,259,230,Tile,Infiniti,Reggio Grey,,ven_b0fbddb4123c,,,,1,8,1,AVAILABLE,,,,Material belum tersedia dengan kunci Vendor + Brand + SKU; SKU sample tidak tersedia di sumber,Material candidate: matcand_sample_4857adac1590
sample_sheet1_r0260,Sheet1,260,231,Tile,Infiniti,Rotterdam Cream,,ven_b0fbddb4123c,,,,1,8,1,BORROWED,Andre,sociolla office,,Material belum tersedia dengan kunci Vendor + Brand + SKU; SKU sample tidak tersedia di sumber,Material candidate: matcand_sample_af6bc55399ee
sample_sheet1_r0261,Sheet1,261,232,Tile,Infiniti,Reggio Cream,,ven_b0fbddb4123c,,,,1,8,1,AVAILABLE,,,,Material belum tersedia dengan kunci Vendor + Brand + SKU; SKU sample tidak tersedia di sumber,Material candidate: matcand_sample_5d812ebc843e
sample_sheet1_r0262,Sheet1,262,233,Tile,Infiniti,Russel Grey,,ven_b0fbddb4123c,,,,1,8,1,AVAILABLE,,,,Material belum tersedia dengan kunci Vendor + Brand + SKU; SKU sample tidak tersedia di sumber,Material candidate: matcand_sample_8b2ccb92b37a
sample_sheet1_r0263,Sheet1,263,234,Tile,Infiniti,Xena Beige,,ven_b0fbddb4123c,,,,1,8,1,AVAILABLE,,,,Material belum tersedia dengan kunci Vendor + Brand + SKU; SKU sample tidak tersedia di sumber,Material candidate: matcand_sample_9ef18d8ddaab
sample_sheet1_r0264,Sheet1,264,235,Tile,Infiniti,Xenith White,,ven_b0fbddb4123c,,,,1,8,1,AVAILABLE,,,,Material belum tersedia dengan kunci Vendor + Brand + SKU; SKU sample tidak tersedia di sumber,Material candidate: matcand_sample_26c07e966abb
sample_sheet1_r0265,Sheet1,265,236,Tile,Infiniti,Xenith Cream,,ven_b0fbddb4123c,,,,1,8,1,AVAILABLE,,,,Material belum tersedia dengan kunci Vendor + Brand + SKU; SKU sample tidak tersedia di sumber,Material candidate: matcand_sample_e20758f4d156
sample_sheet1_r0266,Sheet1,266,237,Tile,Infiniti,Rugao Grey,,ven_b0fbddb4123c,,,,1,8,1,AVAILABLE,,,,Material belum tersedia dengan kunci Vendor + Brand + SKU; SKU sample tidak tersedia di sumber,Material candidate: matcand_sample_929a0a778c55
sample_sheet1_r0267,Sheet1,267,238,Tile,Infiniti,Reggio White,,ven_b0fbddb4123c,,,,1,8,1,AVAILABLE,,,,Material belum tersedia dengan kunci Vendor + Brand + SKU; SKU sample tidak tersedia di sumber,Material candidate: matcand_sample_a8accb268531
sample_sheet1_r0268,Sheet1,268,239,Tile,Infiniti,Rotterdam Grey,,ven_b0fbddb4123c,,,,1,8,1,BORROWED,berkah,,,Material belum tersedia dengan kunci Vendor + Brand + SKU; SKU sample tidak tersedia di sumber,Material candidate: matcand_sample_17bc67bb65cb
sample_sheet1_r0269,Sheet1,269,240,Tile,Infiniti,Roque Grey,,ven_b0fbddb4123c,,,,1,8,1,AVAILABLE,,,,Material belum tersedia dengan kunci Vendor + Brand + SKU; SKU sample tidak tersedia di sumber,Material candidate: matcand_sample_9c44847d35ec
sample_sheet1_r0270,Sheet1,270,241,Tile,Infiniti,Travertino Cream,,ven_b0fbddb4123c,,,,1,8,1,AVAILABLE,,,,Material belum tersedia dengan kunci Vendor + Brand + SKU; SKU sample tidak tersedia di sumber,Material candidate: matcand_sample_ec34e392b816
sample_sheet1_r0271,Sheet1,271,242,Tile,Infiniti,Dark Grey,,ven_b0fbddb4123c,,,,1,8,1,AVAILABLE,,,,Material belum tersedia dengan kunci Vendor + Brand + SKU; SKU sample tidak tersedia di sumber,Material candidate: matcand_sample_d70c7ec1db2d
sample_sheet1_r0272,Sheet1,272,243,Tile,Infiniti,Terra Cream,,ven_b0fbddb4123c,,,,1,8,1,AVAILABLE,,,,Material belum tersedia dengan kunci Vendor + Brand + SKU; SKU sample tidak tersedia di sumber,Material candidate: matcand_sample_a88d1e75171c
sample_sheet1_r0273,Sheet1,273,244,Tile,Infiniti,Terrazo Venice White,,ven_b0fbddb4123c,,,,1,8,1,BORROWED,berkah,,,Material belum tersedia dengan kunci Vendor + Brand + SKU; SKU sample tidak tersedia di sumber,Material candidate: matcand_sample_4b2ede332bd0
sample_sheet1_r0274,Sheet1,274,245,Tile,Infiniti,Moroccan,,ven_b0fbddb4123c,,,,1,8,1,AVAILABLE,,,,Material belum tersedia dengan kunci Vendor + Brand + SKU; SKU sample tidak tersedia di sumber,Material candidate: matcand_sample_447f98ccb565
sample_sheet1_r0275,Sheet1,275,246,Tile,Infiniti,Cascadia Natural,,ven_b0fbddb4123c,,,,1,8,1,AVAILABLE,,,,Material belum tersedia dengan kunci Vendor + Brand + SKU; SKU sample tidak tersedia di sumber,Material candidate: matcand_sample_4810033bf22d
sample_sheet1_r0276,Sheet1,276,247,Tile,Infiniti,Albacete Cream,,ven_b0fbddb4123c,,,,1,8,1,AVAILABLE,,,,Material belum tersedia dengan kunci Vendor + Brand + SKU; SKU sample tidak tersedia di sumber,Material candidate: matcand_sample_1734d27b4732
sample_sheet1_r0277,Sheet1,277,248,Tile,Infiniti,Cronos Grey,,ven_b0fbddb4123c,,,,1,8,1,AVAILABLE,,,,Material belum tersedia dengan kunci Vendor + Brand + SKU; SKU sample tidak tersedia di sumber,Material candidate: matcand_sample_077cd5044cae
sample_sheet1_r0278,Sheet1,278,249,Tile,Infiniti,Meteor Cream,,ven_b0fbddb4123c,,,,1,8,1,AVAILABLE,,,,Material belum tersedia dengan kunci Vendor + Brand + SKU; SKU sample tidak tersedia di sumber,Material candidate: matcand_sample_d26ea4d585bf
sample_sheet1_r0279,Sheet1,279,250,Tile,Infiniti,Pietro Black,,ven_b0fbddb4123c,,,,1,8,1,AVAILABLE,,,,Material belum tersedia dengan kunci Vendor + Brand + SKU; SKU sample tidak tersedia di sumber,Material candidate: matcand_sample_e97f35f6e406
sample_sheet1_r0280,Sheet1,280,251,Tile,Infiniti,Pulpis Dark Brown,,ven_b0fbddb4123c,,,,1,8,1,AVAILABLE,,,,Material belum tersedia dengan kunci Vendor + Brand + SKU; SKU sample tidak tersedia di sumber,Material candidate: matcand_sample_ad3aa1341f89
sample_sheet1_r0281,Sheet1,281,252,Tile,Infiniti,Stone White,,ven_b0fbddb4123c,,,,1,8,1,AVAILABLE,,,,Material belum tersedia dengan kunci Vendor + Brand + SKU; SKU sample tidak tersedia di sumber,Material candidate: matcand_sample_af8a8af7ba4d
sample_sheet1_r0282,Sheet1,282,253,Tile,Infiniti,Nolan Dark Grey,,ven_b0fbddb4123c,,,,1,8,1,AVAILABLE,,,,Material belum tersedia dengan kunci Vendor + Brand + SKU; SKU sample tidak tersedia di sumber,Material candidate: matcand_sample_5ae289ccc05e
sample_sheet1_r0283,Sheet1,283,254,Tile,Infiniti,Cromat White,,ven_b0fbddb4123c,,,,1,8,1,AVAILABLE,,,,Material belum tersedia dengan kunci Vendor + Brand + SKU; SKU sample tidak tersedia di sumber,Material candidate: matcand_sample_a6590eeb46d9
sample_sheet1_r0284,Sheet1,284,255,Tile,Infiniti,Montecarlo Grey,,ven_b0fbddb4123c,,,,1,8,1,AVAILABLE,,,,Material belum tersedia dengan kunci Vendor + Brand + SKU; SKU sample tidak tersedia di sumber,Material candidate: matcand_sample_78fd59f09314
sample_sheet1_r0285,Sheet1,285,256,Tile,Infiniti,Marfil Cream,,ven_b0fbddb4123c,,,,1,8,1,AVAILABLE,,,,Material belum tersedia dengan kunci Vendor + Brand + SKU; SKU sample tidak tersedia di sumber,Material candidate: matcand_sample_fe69a7e0bba5
sample_sheet1_r0286,Sheet1,286,257,Tile,Infiniti,Olympia Grey,,ven_b0fbddb4123c,,,,1,8,1,AVAILABLE,,,,Material belum tersedia dengan kunci Vendor + Brand + SKU; SKU sample tidak tersedia di sumber,Material candidate: matcand_sample_c8fd688990cd
sample_sheet1_r0287,Sheet1,287,258,Tile,Infiniti,Russel Grey,,ven_b0fbddb4123c,,,,1,8,1,AVAILABLE,,,,Material belum tersedia dengan kunci Vendor + Brand + SKU; SKU sample tidak tersedia di sumber,Material candidate: matcand_sample_8b2ccb92b37a
sample_sheet1_r0288,Sheet1,288,259,Tile,Infiniti,Dark Brown,,ven_b0fbddb4123c,,,,1,8,1,AVAILABLE,,,,Material belum tersedia dengan kunci Vendor + Brand + SKU; SKU sample tidak tersedia di sumber,Material candidate: matcand_sample_7691711afe21
sample_sheet1_r0289,Sheet1,289,260,Tile,Infiniti,Terrazzo Terra,Cream,ven_b0fbddb4123c,,,,1,8,1,AVAILABLE,,,,Material belum tersedia dengan kunci Vendor + Brand + SKU; SKU sample tidak tersedia di sumber,Material candidate: matcand_sample_41fadb2e0eb8
sample_sheet1_r0290,Sheet1,290,261,Tile,Venus,Rustic,Lemon,ven_b8b22aedc372,,,,1,8,1,AVAILABLE,,,,Material belum tersedia dengan kunci Vendor + Brand + SKU; SKU sample tidak tersedia di sumber,Material candidate: matcand_sample_ce20c63ab0f2
