vendor_row_id,canonical_brand_name,source_brand_variants,company_name,company_pt,website_url,instagram_url,address,action,matched_existing_hint,source_sheet,source_rows,source_checksum
v0001,Abcon,Abcon,,,https://abconindonesia.com,https://www.instagram.com/abcon.indonesia/,"Jakarta, Surabaya, Bali",INSERT_NEW,,List,2,1AB11BD57893424EA226135F670197B31B96B861BA05C0C4962AF5BC8D0FBCEE
v0002,Acourete,Acourete,,,https://acourete.com/,https://www.instagram.com/acourete/,Jakarta,INSERT_NEW,,List,3,1AB11BD57893424EA226135F670197B31B96B861BA05C0C4962AF5BC8D0FBCEE
v0003,Acqua Trend,Acqua Trend,,PT Cipta Sani Lestari,https://acquatrend.com,https://www.instagram.com/acquatrend_bathroom/,Jakarta,INSERT_NEW,,List,4;5,1AB11BD57893424EA226135F670197B31B96B861BA05C0C4962AF5BC8D0FBCEE
v0004,Adiguna Masonry Indonesia,Adiguna Masonry Indonesia,,,https://www.adigunamasonry.co.id/,https://www.instagram.com/Masonry.id,Jakarta,INSERT_NEW,,List,469,1AB11BD57893424EA226135F670197B31B96B861BA05C0C4962AF5BC8D0FBCEE
v0005,Aetrio,Aetrio,,CV Afif Jaya Group,https://afifjayafurniture.com,https://www.instagram.com/afifjayafurniture/,Jepara,INSERT_NEW,,List,6;7,1AB11BD57893424EA226135F670197B31B96B861BA05C0C4962AF5BC8D0FBCEE
v0006,Agglotech,Agglotech,,,https://mmgalleri.id/agglotech/,,"Jakarta, Surabaya, Bali",INSERT_NEW,,List,8,1AB11BD57893424EA226135F670197B31B96B861BA05C0C4962AF5BC8D0FBCEE
v0007,Agora,Agora,,,https://agorabuildingmaterials.co.id/,https://www.instagram.com/agoraceramicroofing_/,Jakarta,INSERT_NEW,,List,9,1AB11BD57893424EA226135F670197B31B96B861BA05C0C4962AF5BC8D0FBCEE
v0008,Aiga,Aiga,,,,https://www.instagram.com/aigaindonesia/?hl=en,Jakarta,INSERT_NEW,,List,10,1AB11BD57893424EA226135F670197B31B96B861BA05C0C4962AF5BC8D0FBCEE
v0009,Alco Blind,Alco Blind,,PT Alco Sarijaya,,https://www.instagram.com/alco.blind/?hl=en,"Jakarta, Bali",INSERT_NEW,,List,11,1AB11BD57893424EA226135F670197B31B96B861BA05C0C4962AF5BC8D0FBCEE
v0010,Allegra,Allegra,,,https://alegraaluminio.com/,https://www.instagram.com/alegra.aluminio/,Jakarta,INSERT_NEW,,List,12,1AB11BD57893424EA226135F670197B31B96B861BA05C0C4962AF5BC8D0FBCEE
v0011,Allurahomefabrics,Allurahomefabrics,,,,https://www.instagram.com/allurahomefabrics/?hl=en,Jakarta,INSERT_NEW,,List,13,1AB11BD57893424EA226135F670197B31B96B861BA05C0C4962AF5BC8D0FBCEE
v0012,Almafloor,Almafloor,,,https://almaflor.id/,https://www.instagram.com/almaflor.id/?hl=en,"Jakarta, Jawa tengah, DIY",INSERT_NEW,,List,14,1AB11BD57893424EA226135F670197B31B96B861BA05C0C4962AF5BC8D0FBCEE
v0013,Aluveen,Aluveen,,PT Exinergy Mitra Inovasi (EMI),https://www.aluveen.co.id/home.html,https://www.instagram.com/aluveen/,Tangerang selatan,INSERT_NEW,,List,15,1AB11BD57893424EA226135F670197B31B96B861BA05C0C4962AF5BC8D0FBCEE
v0014,Amardeep Interior,Amardeep Interior,,,https://amardeepinterior.com/about-us/,https://www.instagram.com/amardeepinterior/,Jakarta,INSERT_NEW,,List,16,1AB11BD57893424EA226135F670197B31B96B861BA05C0C4962AF5BC8D0FBCEE
v0015,Amidoorlight,Amidoorlight,,PT AMI (Aera Mitra Indonesia),,https://www.instagram.com/amidoorlight/,Jakarta,INSERT_NEW,,List,17,1AB11BD57893424EA226135F670197B31B96B861BA05C0C4962AF5BC8D0FBCEE
v0016,Antikmebel,Antikmebel,,,https://antikmebel.com/?srsltid=AfmBOooFJnnB5Zsy6bzqsV93-KVK26Nf0ir1TwXmLSiCbuK9_EdOqidO,https://www.instagram.com/antikmebel/,Jakarta,INSERT_NEW,,List,18,1AB11BD57893424EA226135F670197B31B96B861BA05C0C4962AF5BC8D0FBCEE
v0017,Architech Indonesia,Architech Indonesia,,,https://architech.co.id/public/?utm_medium=google&utm_source=https%3A%2F%2Fanalytics.google.com%2Fanalytics%2Fweb%2Fprovision%2F%23%2Fp444544963%2Freports%2Fexplorer%3Fparams%3D_u..nav%253dmaui%26r%3Decomm-product%26ruid%3Decomm-product%2Cbusiness-objectives%2Cdrive-online-sales%26collectionid%3Dbusiness-objectives&utm_campaign=website,https://www.instagram.com/architech_indonesia,Jakarta,INSERT_NEW,,List,19,1AB11BD57893424EA226135F670197B31B96B861BA05C0C4962AF5BC8D0FBCEE
v0018,Arcomarmer,Arcomarmer,,PT Arcobaleno Gramarindo,https://www.arcomarmer.com/,https://www.instagram.com/arcomarmer/?hl=en,Jakarta,INSERT_NEW,,List,20;21,1AB11BD57893424EA226135F670197B31B96B861BA05C0C4962AF5BC8D0FBCEE
v0019,Arde,Arde,,,https://ardefabrics.com/,https://www.instagram.com/ardefabrics,Jakarta,INSERT_NEW,,List,22,1AB11BD57893424EA226135F670197B31B96B861BA05C0C4962AF5BC8D0FBCEE
v0020,Ardente lightning,Ardente lightning,,,https://www.ardentelighting.com/,https://www.instagram.com/ardentelighting/,Jakarta,INSERT_NEW,,List,23,1AB11BD57893424EA226135F670197B31B96B861BA05C0C4962AF5BC8D0FBCEE
v0021,Armonia Paint,Armonia Paint,,,https://armoniapaint.com/index,https://www.instagram.com/armonia.paint/,"Jakarta, Bali",INSERT_NEW,,List,24,1AB11BD57893424EA226135F670197B31B96B861BA05C0C4962AF5BC8D0FBCEE
v0022,Arna,Arna,,,https://arna.co.id/,https://www.instagram.com/arna.granite?igsh=MXZxZWh2c29nbjZubg==,Jakarta,INSERT_NEW,,List,25,1AB11BD57893424EA226135F670197B31B96B861BA05C0C4962AF5BC8D0FBCEE
v0023,Artemi Zenith,Artemi Zenith,,PT Artemi Zenith International,https://artemigroup.com,https://www.instagram.com/artemi.zenithinternational/,"Jakarta, Surabaya",INSERT_NEW,,List,26;27,1AB11BD57893424EA226135F670197B31B96B861BA05C0C4962AF5BC8D0FBCEE
v0024,Artisanwood,Artisanwood,,,,https://www.instagram.com/artisanwood.id?igsh=MWx3c2JmdmloMm55ZQ==,"Jakarta, Surabaya",INSERT_NEW,,List,28,1AB11BD57893424EA226135F670197B31B96B861BA05C0C4962AF5BC8D0FBCEE
v0025,Arturo Paint,Arturo Paint,,PT Sapta Kurnia Kimia Abadi,http://arturoflakesmulticolor.com,https://www.instagram.com/arturo_texturepaint/?hl=en,"Jakarta, Bandung",INSERT_NEW,,List,29,1AB11BD57893424EA226135F670197B31B96B861BA05C0C4962AF5BC8D0FBCEE
v0026,Arwana Ceramics,Arwana Ceramics,,,,,,INSERT_NEW,,List,483,1AB11BD57893424EA226135F670197B31B96B861BA05C0C4962AF5BC8D0FBCEE
v0027,Ashetiles,Ashetiles,,,,https://www.instagram.com/ashetiles/?hl=en,Tangerang,INSERT_NEW,,List,30,1AB11BD57893424EA226135F670197B31B96B861BA05C0C4962AF5BC8D0FBCEE
v0028,Astana ID,Astana ID,,,,https://www.instagram.com/astana_id/?hl=en,Jakarta,INSERT_NEW,,List,31,1AB11BD57893424EA226135F670197B31B96B861BA05C0C4962AF5BC8D0FBCEE
v0029,Ataya,Ataya,,,,https://www.instagram.com/atayahome/,Malang,INSERT_NEW,,List,32,1AB11BD57893424EA226135F670197B31B96B861BA05C0C4962AF5BC8D0FBCEE
v0030,Ateja,Ateja,,,https://ateja.co.id/,https://www.instagram.com/atejatextiles/?hl=en,Bandung,INSERT_NEW,,List,33,1AB11BD57893424EA226135F670197B31B96B861BA05C0C4962AF5BC8D0FBCEE
v0031,Ateson Home,Ateson Home,,,https://atesonhome.com/,https://www.instagram.com/atesonhome/?hl=en,"Jakarta, Bandung, Bali",INSERT_NEW,,List,34;35;36,1AB11BD57893424EA226135F670197B31B96B861BA05C0C4962AF5BC8D0FBCEE
v0032,Atipa,Atipa,,PT Adiwarna Pratama Indonesia,https://atipaindonesia.com,https://www.instagram.com/atipamcm/?hl=en,Jakarta,INSERT_NEW,,List,37,1AB11BD57893424EA226135F670197B31B96B861BA05C0C4962AF5BC8D0FBCEE
v0033,Avere,Avere,,,,https://www.instagram.com/at.avere/,Jakarta,INSERT_NEW,,List,38,1AB11BD57893424EA226135F670197B31B96B861BA05C0C4962AF5BC8D0FBCEE
v0034,Balian Decorative,Balian Decorative,,PT Mega Kapuas Dinamik,https://baliandecorative.id,https://www.instagram.com/baliandecorative/,Jakarta,INSERT_NEW,,List,39;40;41;42,1AB11BD57893424EA226135F670197B31B96B861BA05C0C4962AF5BC8D0FBCEE
v0035,Bambusa Bali,Bambusa Bali,,,https://bamboo-interior.com/,,Bali,INSERT_NEW,,List,43,1AB11BD57893424EA226135F670197B31B96B861BA05C0C4962AF5BC8D0FBCEE
v0036,Bata Antasari 34,Bata Antasari 34,,,,https://www.instagram.com/tokobatatempel_antasari34?igsh=MWlyOGNubDVsNjBscg==,Jakarta,INSERT_NEW,,List,44,1AB11BD57893424EA226135F670197B31B96B861BA05C0C4962AF5BC8D0FBCEE
v0037,Batara Living,Batara Living,,,,https://www.instagram.com/bataraliving/,Jakarta,INSERT_NEW,,List,45,1AB11BD57893424EA226135F670197B31B96B861BA05C0C4962AF5BC8D0FBCEE
v0038,Batavia Living Furniture,Batavia Living Furniture,,,https://www.batavia-living.com/,https://www.instagram.com/batavialivingfurniture,Jakarta,INSERT_NEW,,List,46,1AB11BD57893424EA226135F670197B31B96B861BA05C0C4962AF5BC8D0FBCEE
v0039,BDA Group,BDA Group,,PT Bangun Delta Abadi,https://bdagroup.co.id/,https://www.instagram.com/bdaofficial.id/,Jakarta,INSERT_NEW,,List,47;48;49;50;51,1AB11BD57893424EA226135F670197B31B96B861BA05C0C4962AF5BC8D0FBCEE
v0040,Bell Living Lab,Bell Living Lab,,PT Kurva Lonceng Khatulistiwa,https://belllivinglab.com/,https://www.instagram.com/bell_livinglab/,Bandung,INSERT_NEW,,List,52,1AB11BD57893424EA226135F670197B31B96B861BA05C0C4962AF5BC8D0FBCEE
v0041,Ben Wood,Ben Wood,,PT Rumah Kayu Kita,,https://www.instagram.com/benwood_solidwoodproducts/,Jakarta,INSERT_NEW,,List,53,1AB11BD57893424EA226135F670197B31B96B861BA05C0C4962AF5BC8D0FBCEE
v0042,Beninca,Beninca,,PT Lautan Cipta Kreasi,https://lautanciptakreasi.co.id/,https://www.instagram.com/lautanciptakreasi?igshid=MzRlODBiNWFlZA%3D%3D,Jakarta,INSERT_NEW,,List,54,1AB11BD57893424EA226135F670197B31B96B861BA05C0C4962AF5BC8D0FBCEE
v0043,Beta Living,Beta Living,,,,https://www.instagram.com/betalivingconcept/,Jakarta,INSERT_NEW,,List,55,1AB11BD57893424EA226135F670197B31B96B861BA05C0C4962AF5BC8D0FBCEE
v0044,Beyond Floor,Beyond Floor,,,https://berkatdecor.com/?s=beyond+floor&post_type=product,,Jakarta,INSERT_NEW,,List,56,1AB11BD57893424EA226135F670197B31B96B861BA05C0C4962AF5BC8D0FBCEE
v0045,Bianconero Compressa,Bianconero Compressa,,,https://bianconero.co.id/,https://www.instagram.com/bianconero.compressa/,Jakarta,INSERT_NEW,,List,57,1AB11BD57893424EA226135F670197B31B96B861BA05C0C4962AF5BC8D0FBCEE
v0046,Bilionite,Bilionite,,PT Gunung Putri Anugrahisa,https://www.bilionite.co.id/,https://www.instagram.com/bilionite/?hl=en,Jakarta,INSERT_NEW,,List,58,1AB11BD57893424EA226135F670197B31B96B861BA05C0C4962AF5BC8D0FBCEE
v0047,Biruindonesia,Biruindonesia,,,https://biruindonesia.com/,,Jakarta,INSERT_NEW,,List,59,1AB11BD57893424EA226135F670197B31B96B861BA05C0C4962AF5BC8D0FBCEE
v0048,Blackwood,Blackwood,,,https://www.blackwood.id/,https://www.instagram.com/blackwood.co.id/?hl=en,"Jakarta, Surabaya",INSERT_NEW,,List,60,1AB11BD57893424EA226135F670197B31B96B861BA05C0C4962AF5BC8D0FBCEE
v0049,Blue Scope,Blue Scope,,,,https://www.instagram.com/ssbb.id/,Jakarta,INSERT_NEW,,List,61,1AB11BD57893424EA226135F670197B31B96B861BA05C0C4962AF5BC8D0FBCEE
v0050,BODAQ by Hyundai L&C,BODAQ by Hyundai L&C,,,,https://www.instagram.com/bodaq.id/,Jakarta,INSERT_NEW,,List,62,1AB11BD57893424EA226135F670197B31B96B861BA05C0C4962AF5BC8D0FBCEE
v0051,Bottega Artisan,Bottega Artisan,,PT Berkat Artisan Indonesia,www.bottegaartisan.com,https://www.instagram.com/bottegaartisan?igsh=MWdqZTRsbXc4dG5weA==,Tangerang,INSERT_NEW,,List,63,1AB11BD57893424EA226135F670197B31B96B861BA05C0C4962AF5BC8D0FBCEE
v0052,BOWE,BOWE,,,,https://www.instagram.com/bowe.id/,Tangerang,INSERT_NEW,,List,64;65;66,1AB11BD57893424EA226135F670197B31B96B861BA05C0C4962AF5BC8D0FBCEE
v0053,Brescia,Brescia,,,https://www.bresciastonebali.com/,https://www.instagram.com/bresciastone_bali_official/,Bali,INSERT_NEW,,List,67;68,1AB11BD57893424EA226135F670197B31B96B861BA05C0C4962AF5BC8D0FBCEE
v0054,Brewsuniq Space,Brewsuniq Space,,,https://www.brewsuniq.com/,https://www.instagram.com/brewsuniq.space?igsh=MXFzODNkdmdpbDZ4Nw==,Tangerang,INSERT_NEW,,List,69,1AB11BD57893424EA226135F670197B31B96B861BA05C0C4962AF5BC8D0FBCEE
v0055,Bunka Panca Karya,Bunka Panca Karya,,,https://www.bunkapancakarya.com/,https://www.instagram.com/ptbunkapancakarya,Jakarta,INSERT_NEW,,List,70,1AB11BD57893424EA226135F670197B31B96B861BA05C0C4962AF5BC8D0FBCEE
v0056,Byoliving,Byoliving,,,https://byoliving.com/,https://www.instagram.com/byoliving/,Jakarta,INSERT_NEW,,List,71,1AB11BD57893424EA226135F670197B31B96B861BA05C0C4962AF5BC8D0FBCEE
v0057,Byucksan - Paper Yarn,Byucksan - Paper Yarn,,,https://linktr.ee/paperyarn,https://www.instagram.com/paperyarn_id,Jakarta,INSERT_NEW,,List,72,1AB11BD57893424EA226135F670197B31B96B861BA05C0C4962AF5BC8D0FBCEE
v0058,Cambium Home,Cambium Home,,CV Cambium Furniture,https://www.cambiumhome.com/,https://www.instagram.com/cambiumhome/,Jepara,INSERT_NEW,,List,73,1AB11BD57893424EA226135F670197B31B96B861BA05C0C4962AF5BC8D0FBCEE
v0059,CARA Living,CARA Living,,,,https://www.instagram.com/caraliving.id/?hl=en,Jakarta,INSERT_NEW,,List,74,1AB11BD57893424EA226135F670197B31B96B861BA05C0C4962AF5BC8D0FBCEE
v0060,Cattelan Italia,Cattelan Italia,,,,https://www.instagram.com/cattelanitalia.id/,"Jakarta, Surabaya, Bandung, Medan",INSERT_NEW,,List,75,1AB11BD57893424EA226135F670197B31B96B861BA05C0C4962AF5BC8D0FBCEE
v0061,Cellux Ceiling,Cellux Ceiling,,,https://www.celluxceilingasia.com/,https://www.instagram.com/cellux.ceiling/?hl=en,Jakarta,INSERT_NEW,,List,76,1AB11BD57893424EA226135F670197B31B96B861BA05C0C4962AF5BC8D0FBCEE
v0062,Cemtex Innovation,Cemtex Innovation,,,,https://www.instagram.com/cemtex.id/?hl=en,Jakarta,INSERT_NEW,,List,77,1AB11BD57893424EA226135F670197B31B96B861BA05C0C4962AF5BC8D0FBCEE
v0063,Centralite,Centralite,,PT Centralite Anugerah Indah,https://www.centralite.co.id/,https://www.instagram.com/centralite.official?igsh=MWtzZmkxOWh2anBwdQ==,Jakarta,INSERT_NEW,,List,78;79,1AB11BD57893424EA226135F670197B31B96B861BA05C0C4962AF5BC8D0FBCEE
v0064,Christ Wood,Christ Wood,,PT Putra Adi Sinar Sentausa (PT PASS),https://www.flooringkayu.com/,https://www.instagram.com/christwood/,Surabaya,INSERT_NEW,,List,80,1AB11BD57893424EA226135F670197B31B96B861BA05C0C4962AF5BC8D0FBCEE
v0065,Chroma Asia,Chroma Asia,,,https://chromaasia.com/,https://www.instagram.com/coloursofchroma/,Jakarta,INSERT_NEW,,List,81,1AB11BD57893424EA226135F670197B31B96B861BA05C0C4962AF5BC8D0FBCEE
v0066,Cipta Semula Laminates,Cipta Semula Laminates,Cipta Semula,,https://ciptasemula.com/,https://www.instagram.com/cs_laminates/?hl=en,Tangerang,INSERT_NEW,,List,82,1AB11BD57893424EA226135F670197B31B96B861BA05C0C4962AF5BC8D0FBCEE
v0067,Citatah,Citatah,,,https://citatah.co.id/,https://www.instagram.com/citatah.official/,Jakarta,INSERT_NEW,,List,83;84;85;86;87;88,1AB11BD57893424EA226135F670197B31B96B861BA05C0C4962AF5BC8D0FBCEE
v0068,Clayxible,Clayxible,,PT Indah Forindo,https://clayxible.com/stone/,https://www.instagram.com/clayxible.id/,Surabaya,INSERT_NEW,,List,89,1AB11BD57893424EA226135F670197B31B96B861BA05C0C4962AF5BC8D0FBCEE
v0069,Colortek,Colortek,,PT Decora Jaya Indonesia,https://www.colortek.eu/,https://www.instagram.com/colortek.indonesia/,Tangerang Selatan,INSERT_NEW,,List,90,1AB11BD57893424EA226135F670197B31B96B861BA05C0C4962AF5BC8D0FBCEE
v0070,Coloursofchroma,Coloursofchroma,,PT Chroma Sinergi Indonesia,https://chromaasia.com/?fbclid=PAZnRzaAN1W8FleHRuA2FlbQIxMQABpzzceyb03ZrRWK_tGAu2x90GBe6VGt8TwsXiQkwZYiuruIZ96pb-fxS_xKQI_aem_c-ZODoVJlO1d6JXo-ib3fg,https://www.instagram.com/coloursofchroma/?hl=en,Tangerang,INSERT_NEW,,List,91,1AB11BD57893424EA226135F670197B31B96B861BA05C0C4962AF5BC8D0FBCEE
v0071,Cordial,Cordial,,PT Cordialels Sistem Furniture,https://cordialels.com,https://www.instagram.com/accounts/login/?next=%2Fcordial_idn%2F&source=omni_redirect&hl=en,Jakarta,INSERT_NEW,,List,92,1AB11BD57893424EA226135F670197B31B96B861BA05C0C4962AF5BC8D0FBCEE
v0072,Creative Lighting Asia,Creative Lighting Asia,,,https://cla.asia/,https://www.instagram.com/creativelightingasia/?hl=en,"Jakarta, Bali",INSERT_NEW,,List,93,1AB11BD57893424EA226135F670197B31B96B861BA05C0C4962AF5BC8D0FBCEE
v0073,Creatura Dekorasi,Creatura Dekorasi,,PT Creatura Dekorasi,https://msha.ke/creaturadekorasi?fbclid=PAZnRzaAN1XZ5leHRuA2FlbQIxMQABp3EAp7L1B0rXjp4TSkOzQ82se0XzKcpIAYWG_V-dubzUD_H02X0eE8JFMq6i_aem_LxF8tfN1cJidOEBtpJ21Og,https://www.instagram.com/creaturadekorasi.id/?hl=en,Jakarta,INSERT_NEW,,List,94,1AB11BD57893424EA226135F670197B31B96B861BA05C0C4962AF5BC8D0FBCEE
v0074,CSL Leather,CSL Leather,Berkat Unggul Pratama,,https://www.csl-leather.com/,https://www.instagram.com/lederhaus_id/,"Jakarta, Bandung, Bali",INSERT_NEW,,List,95;96,1AB11BD57893424EA226135F670197B31B96B861BA05C0C4962AF5BC8D0FBCEE
v0075,D'Grassada,D'Grassada,,PT Reneo Grasada,https://grasada.com/contact.html,,Tangerang,INSERT_NEW,,List,97,1AB11BD57893424EA226135F670197B31B96B861BA05C0C4962AF5BC8D0FBCEE
v0076,Dastor Indonesia,Dastor Indonesia,,PT Dastor Akses Setia,https://dastormart.com,https://www.instagram.com/dastorindonesia/?hl=en,Jakarta,INSERT_NEW,,List,98,1AB11BD57893424EA226135F670197B31B96B861BA05C0C4962AF5BC8D0FBCEE
v0077,Deepa Lighting,Deepa Lighting,,,,https://www.instagram.com/deepa.lighting/,Surabaya,INSERT_NEW,,List,99,1AB11BD57893424EA226135F670197B31B96B861BA05C0C4962AF5BC8D0FBCEE
v0078,Deka Sistemi,Deka Sistemi,,PT Dekor Arya Interindo,,https://www.instagram.com/dekasistemi.id/?hl=en,Jakarta,INSERT_NEW,,List,100,1AB11BD57893424EA226135F670197B31B96B861BA05C0C4962AF5BC8D0FBCEE
v0079,Dekkson,Dekkson,,PT Fajar Lestari Sejati,https://www.dekkson.com/,https://www.instagram.com/dekkson_official/,Jakarta,INSERT_NEW,,List,101;102;103;104,1AB11BD57893424EA226135F670197B31B96B861BA05C0C4962AF5BC8D0FBCEE
v0080,Delica Aluminium,Delica Aluminium,,,https://delica.co.id,https://www.instagram.com/delica_aluminium/?hl=en,"Jakarta, Surabaya, Medan",INSERT_NEW,,List,105,1AB11BD57893424EA226135F670197B31B96B861BA05C0C4962AF5BC8D0FBCEE
v0081,Desso by Tarkett,Desso by Tarkett,,,https://www.tarkett-asia.com/en_RA/brand/desso,https://www.instagram.com/tarkettofficial/,Asia,INSERT_NEW,,List,106,1AB11BD57893424EA226135F670197B31B96B861BA05C0C4962AF5BC8D0FBCEE
v0082,Dextron,Dextron,,,https://www.dextronteknologi.com/?fbclid=PAZXh0bgNhZW0CMTEAAaZL9soPm7fY7hr7UxBD1UD3rno_-TDYYRHojP3Zy356VUZCE45j-nKJfzw_aem_UfCVlzlS7Dggo-qMu-K4uw,https://www.instagram.com/dextronelektrik/?hl=en,Jakarta,INSERT_NEW,,List,107,1AB11BD57893424EA226135F670197B31B96B861BA05C0C4962AF5BC8D0FBCEE
v0083,DH Casa,DH Casa,,,,https://www.instagram.com/dhcasa/?hl=en,Jakarta,INSERT_NEW,,List,108,1AB11BD57893424EA226135F670197B31B96B861BA05C0C4962AF5BC8D0FBCEE
v0084,Diva Furniture,Diva Furniture,,,,https://www.instagram.com/diva.furniturejepara/?hl=en,Jepara,INSERT_NEW,,List,109,1AB11BD57893424EA226135F670197B31B96B861BA05C0C4962AF5BC8D0FBCEE
v0085,Diverso,Diverso,,,https://diversoart.com,https://www.instagram.com/diverso.art/,Jakarta,INSERT_NEW,,List,110;111,1AB11BD57893424EA226135F670197B31B96B861BA05C0C4962AF5BC8D0FBCEE
v0086,Djalin,Djalin,,,https://www.djalin.com/,https://www.instagram.com/djalindesign/?hl=en,Jakarta,INSERT_NEW,,List,112,1AB11BD57893424EA226135F670197B31B96B861BA05C0C4962AF5BC8D0FBCEE
v0087,Doorhandle,Doorhandle,,,,https://www.instagram.com/doorhandle.id/?hl=en,Jakarta,INSERT_NEW,,List,113,1AB11BD57893424EA226135F670197B31B96B861BA05C0C4962AF5BC8D0FBCEE
v0088,Dormakaba Group,Dormakaba Group,,PT Bahtera Cipta Raga,https://bcrpindo.com./,,Jakarta,INSERT_NEW,,List,114,1AB11BD57893424EA226135F670197B31B96B861BA05C0C4962AF5BC8D0FBCEE
v0089,Dphaus,Dphaus,,,https://www.dphaus.co.id/,https://www.instagram.com/dphausid,"Jakarta, Surabaya",INSERT_NEW,,List,115,1AB11BD57893424EA226135F670197B31B96B861BA05C0C4962AF5BC8D0FBCEE
v0090,Duma,Duma,,PT Sumber Djaja Perkasa,https://duma.co.id/,https://www.instagram.com/duma.id/?hl=en,"Jakarta, Surabaya",INSERT_NEW,,List,116;117,1AB11BD57893424EA226135F670197B31B96B861BA05C0C4962AF5BC8D0FBCEE
v0091,Ecourban,Ecourban,,PT Ecourban Pola Teknologi,https://ecourban.id,https://www.instagram.com/ecourban.id/?hl=en,Tangerang,INSERT_NEW,,List,118,1AB11BD57893424EA226135F670197B31B96B861BA05C0C4962AF5BC8D0FBCEE
v0092,EDL,EDL,,PT EDL Design Indonesia,https://www.edleuro.com/,https://www.instagram.com/edl_laminates?igsh=cGY2ZncxNHRqdzZ5,Tangerang,MATCH_EXISTING_FILL_BLANKS_ONLY,EDL,List,119,1AB11BD57893424EA226135F670197B31B96B861BA05C0C4962AF5BC8D0FBCEE
v0093,Elca,Elca,,,https://www.elcacorp.com/,https://www.instagram.com/elcalighting/,Jakarta,INSERT_NEW,,List,120,1AB11BD57893424EA226135F670197B31B96B861BA05C0C4962AF5BC8D0FBCEE
v0094,Eleganza Tiles,Eleganza Tiles,,,https://www.eleganzaindonesia.com,,Jakarta,INSERT_NEW,,List,121,1AB11BD57893424EA226135F670197B31B96B861BA05C0C4962AF5BC8D0FBCEE
v0095,Elite Glass,Elite Glass,,,https://eliteartglass.co.id,https://www.instagram.com/eliteartglass?igsh=MTZiamppMnV3dTc3NA==,Medan,INSERT_NEW,,List,122,1AB11BD57893424EA226135F670197B31B96B861BA05C0C4962AF5BC8D0FBCEE
v0096,Ellogrin,Ellogrin,,PT. Apolo Industri Sukses Harmonis,https://ellogrin.id,https://www.instagram.com/ellogrin/?hl=en,Jakarta,INSERT_NEW,,List,123,1AB11BD57893424EA226135F670197B31B96B861BA05C0C4962AF5BC8D0FBCEE
v0097,Enchanting,Enchanting,,,https://europeenchanting.com/,https://www.instagram.com/europe_enchanting,Jakarta,INSERT_NEW,,List,124,1AB11BD57893424EA226135F670197B31B96B861BA05C0C4962AF5BC8D0FBCEE
v0098,ENVIRO,ENVIRO,,,https://www.envirocraft.co.id,https://www.instagram.com/enviro.craft/,"Surabaya, Bali",INSERT_NEW,,List,125,1AB11BD57893424EA226135F670197B31B96B861BA05C0C4962AF5BC8D0FBCEE
v0099,Estica International,Estica International,,,https://esticainternational.com/,https://www.instagram.com/accounts/login/?next=%2Festica.international%2F&source=omni_redirect,"Jakarta, Surabaya",INSERT_NEW,,List,126,1AB11BD57893424EA226135F670197B31B96B861BA05C0C4962AF5BC8D0FBCEE
v0100,Eterna,Eterna,,PT Eterna Multi Kreasi,https://eternacubicletoilet.com/,https://www.instagram.com/cubicletoilet.id?igsh=NDY0cmxqZ3p6dWwy,Jakarta,INSERT_NEW,,List,127,1AB11BD57893424EA226135F670197B31B96B861BA05C0C4962AF5BC8D0FBCEE
v0101,Etivo Indonesia,Etivo Indonesia,,PT Elko Citra Indonesia,https://www.tokopedia.com/elkoindonesia,https://www.instagram.com/etivo.indonesia?igsh=MXdtemxmMXZ4OXBybQ==,Jakarta,INSERT_NEW,,List,128,1AB11BD57893424EA226135F670197B31B96B861BA05C0C4962AF5BC8D0FBCEE
v0102,Evergreen Trees,Evergreen Trees,,,https://evergreentrees.asia/,https://www.instagram.com/evergreentrees_jkt/,Jakarta,INSERT_NEW,,List,129,1AB11BD57893424EA226135F670197B31B96B861BA05C0C4962AF5BC8D0FBCEE
v0103,Every,Every,,,https://www.everycollections.com/,https://www.instagram.com/every.collections/,Jakarta,INSERT_NEW,,List,130,1AB11BD57893424EA226135F670197B31B96B861BA05C0C4962AF5BC8D0FBCEE
v0104,Every collection,Every collection,,,https://www.everycollections.com/,https://www.instagram.com/every.collections/,Jakarta,INSERT_NEW,,List,478,1AB11BD57893424EA226135F670197B31B96B861BA05C0C4962AF5BC8D0FBCEE
v0105,Expose Concrete,Expose Concrete,,,https://exposeconcrete.com/,https://www.instagram.com/xpose.indonesia/?hl=en,Jakarta,INSERT_NEW,,List,131,1AB11BD57893424EA226135F670197B31B96B861BA05C0C4962AF5BC8D0FBCEE
v0106,Fabrica Indonesia,Fabrica Indonesia,,,https://fabrica.id/,https://www.instagram.com/fabricaindonesia,Jakarta,INSERT_NEW,,List,132,1AB11BD57893424EA226135F670197B31B96B861BA05C0C4962AF5BC8D0FBCEE
v0107,Fenstela,Fenstela,,,https://fenstela.co.id/lift-and-slide/,https://www.instagram.com/fenstela.official,Jakarta,INSERT_NEW,,List,133,1AB11BD57893424EA226135F670197B31B96B861BA05C0C4962AF5BC8D0FBCEE
v0108,Ferrum,Ferrum,,,https://besitempa.com/,https://www.instagram.com/ferrumdesign/,Jakarta,INSERT_NEW,,List,134,1AB11BD57893424EA226135F670197B31B96B861BA05C0C4962AF5BC8D0FBCEE
v0109,Fideco,Fideco,,,https://taco.co.id/,https://www.instagram.com/fideco.id/,Jakarta,INSERT_NEW,,List,135,1AB11BD57893424EA226135F670197B31B96B861BA05C0C4962AF5BC8D0FBCEE
v0110,Fio,Fio,,,https://www.fio.co.id/,https://www.instagram.com/fiocarpet/?hl=en,Jakarta,INSERT_NEW,,List,136,1AB11BD57893424EA226135F670197B31B96B861BA05C0C4962AF5BC8D0FBCEE
v0111,Fobuma,Fobuma,,,https://www.fobuma.com,https://www.instagram.com/fobuma,Jakarta,INSERT_NEW,,List,137,1AB11BD57893424EA226135F670197B31B96B861BA05C0C4962AF5BC8D0FBCEE
v0112,Foresco,Foresco,,,https://linktr.ee/paperyarn,https://www.instagram.com/paperyarn_id,Jakarta,INSERT_NEW,,List,138,1AB11BD57893424EA226135F670197B31B96B861BA05C0C4962AF5BC8D0FBCEE
v0113,Forluxe,Forluxe,,PT. Forluxe Decorindo Sentosa,https://www.forluxe.co.id/,https://www.instagram.com/forluxe.wps/,"Jakarta, Surabaya (on going Samarinda, Makassar, Batam)",INSERT_NEW,,List,139,1AB11BD57893424EA226135F670197B31B96B861BA05C0C4962AF5BC8D0FBCEE
v0114,Forme Furniture,Forme Furniture,,,https://myforme.com,https://www.instagram.com/formefurniture/?hl=en,"Jakarta, Surabaya, Semarang",INSERT_NEW,,List,140,1AB11BD57893424EA226135F670197B31B96B861BA05C0C4962AF5BC8D0FBCEE
v0115,Formwell,Formwell,,PT Formwell Product,https://www.formwellproducts.co.id/home,https://www.instagram.com/formwellproduct/,Jakarta,INSERT_NEW,,List,141,1AB11BD57893424EA226135F670197B31B96B861BA05C0C4962AF5BC8D0FBCEE
v0116,Fortress Pintu Baja,Fortress Pintu Baja,,,https://www.pintubajafortress.co.id/?fbclid=PAZXh0bgNhZW0CMTEAAaYVtbaIsni2YW1sFDTCwzN2AP4HipbGhrO0yHot7KRjpdOAxjKpxkDSeOw_aem_bRBkwu7l3wDnS4eRHeVERA,https://www.instagram.com/pintubajafortress,Tangerang,INSERT_NEW,,List,142,1AB11BD57893424EA226135F670197B31B96B861BA05C0C4962AF5BC8D0FBCEE
v0117,Frame Work,Frame Work,,,,https://www.instagram.com/framework.idn/,"Jakarta, Bandung, Medan, Surabaya, Bali",INSERT_NEW,,List,143,1AB11BD57893424EA226135F670197B31B96B861BA05C0C4962AF5BC8D0FBCEE
v0118,Fronterra,Fronterra,,PT YKK AP Indonesia,https://www.ykkap.co.id/,https://www.instagram.com/ykkapi_official/,"Jakarta, Surabaya",INSERT_NEW,,List,144,1AB11BD57893424EA226135F670197B31B96B861BA05C0C4962AF5BC8D0FBCEE
v0119,Fu Texture,Fu Texture,,,,https://www.instagram.com/futexture/?hl=en,,INSERT_NEW,,List,145,1AB11BD57893424EA226135F670197B31B96B861BA05C0C4962AF5BC8D0FBCEE
v0120,Fusion Local,Fusion Local,,,https://fusiondesign.id/,https://www.instagram.com/fusion.local?igshid=MzNlNGNkZWQ4Mg%3D%3D,Jakarta,INSERT_NEW,,List,146;147,1AB11BD57893424EA226135F670197B31B96B861BA05C0C4962AF5BC8D0FBCEE
v0121,GAIA Wallpanel,GAIA Wallpanel,,,,https://www.instagram.com/gaiawallpanel/?hl=en,Jakarta,INSERT_NEW,,List,148,1AB11BD57893424EA226135F670197B31B96B861BA05C0C4962AF5BC8D0FBCEE
v0122,Galeri Jati Asli,Galeri Jati Asli,,,,"https://www.instagram.com/galeri_jati_asli/?hl=en
https://www.instagram.com/galeri_jati_solo?igsh=djkyYnQwYXg2am1l","Jakarta, Solo",INSERT_NEW,,List,149,1AB11BD57893424EA226135F670197B31B96B861BA05C0C4962AF5BC8D0FBCEE
v0123,Galleria,Galleria,,,https://galleria.co.id/,https://www.instagram.com/galleria.idn/,"Jakarta, Surabaya, Semarang, Medan, Bali",INSERT_NEW,,List,150,1AB11BD57893424EA226135F670197B31B96B861BA05C0C4962AF5BC8D0FBCEE
v0124,Gammapaint,Gammapaint,,,https://www.gammapaint.com,https://www.instagram.com/gammapaint/?hl=en,Jakarta,INSERT_NEW,,List,151,1AB11BD57893424EA226135F670197B31B96B861BA05C0C4962AF5BC8D0FBCEE
v0125,Gatra Marmer,Gatra Marmer,,,https://gatramarmer.net/,https://www.instagram.com/gatramarmer/,Tangerang,INSERT_NEW,,List,152;153,1AB11BD57893424EA226135F670197B31B96B861BA05C0C4962AF5BC8D0FBCEE
v0126,Germany Brilliant,Germany Brilliant,,,Produk Perlengkapan Rumah Terbaik,Germany Brilliant Official (@gbsanitary1) • Instagram photos and videos,Bekasi,INSERT_NEW,,List,154,1AB11BD57893424EA226135F670197B31B96B861BA05C0C4962AF5BC8D0FBCEE
v0127,Globalindo Sinar Perkasa,Globalindo Sinar Perkasa,,,,,Bandung,INSERT_NEW,,List,155,1AB11BD57893424EA226135F670197B31B96B861BA05C0C4962AF5BC8D0FBCEE
v0128,Glorall Indonesia,Glorall Indonesia,,,https://glorall.id/?utm_source=ig&utm_medium=social&utm_content=link_in_bio&fbclid=PAdGRleAPlX65leHRuA2FlbQIxMQBzcnRjBmFwcF9pZA8xMjQwMjQ1NzQyODc0MTQAAae2OEzVvcOcCEFcqlHS6WIPuHlNofug-8JN5O7iUUfoHq64mmvrTAgaOuLyXA_aem_kX6ZoMTuUn0t-_H6CkkHGw,https://www.instagram.com/glorall_id?igsh=cDhrNDlmdXltNnZt,Tangerang,INSERT_NEW,,List,156,1AB11BD57893424EA226135F670197B31B96B861BA05C0C4962AF5BC8D0FBCEE
v0129,GMR Marble,GMR Marble,,,,https://www.instagram.com/gmr.marble/,Medan,INSERT_NEW,,List,157,1AB11BD57893424EA226135F670197B31B96B861BA05C0C4962AF5BC8D0FBCEE
v0130,Grandome Indonesia,Grandome Indonesia,,,https://www.grandome.id/?fbclid=PAZXh0bgNhZW0CMTEAAaalKzynfu2HMyZrY6hCYtq1mrdQ_s4j8N0uonklOxI82V_xRz4JM5c_XTI_aem_Fvo2KBs9G1rCEk5hnIvDdQ,https://www.instagram.com/grandome_indonesia/?hl=en,Jakarta,INSERT_NEW,,List,158,1AB11BD57893424EA226135F670197B31B96B861BA05C0C4962AF5BC8D0FBCEE
v0131,Granito,Granito,,,https://granito.co.id/id/,https://www.instagram.com/granito_tile/,Jakarta,INSERT_NEW,,List,159,1AB11BD57893424EA226135F670197B31B96B861BA05C0C4962AF5BC8D0FBCEE
v0132,Granroof,Granroof,,PT YKK AP Indonesia,https://www.ykkap.co.id/,https://www.instagram.com/ykkapi_official/,"Jakarta, Surabaya",INSERT_NEW,,List,160,1AB11BD57893424EA226135F670197B31B96B861BA05C0C4962AF5BC8D0FBCEE
v0133,Green Alu,Green Alu,,,https://www.green-aluminium.com/,https://www.instagram.com/greenaluminium,"Jakarta, Medan",INSERT_NEW,,List,161,1AB11BD57893424EA226135F670197B31B96B861BA05C0C4962AF5BC8D0FBCEE
v0134,Green Leaves,Green Leaves,,,https://greenleavescarpet.id,https://www.instagram.com/greenleaves.carpet/?hl=en,Bekasi,INSERT_NEW,,List,162,1AB11BD57893424EA226135F670197B31B96B861BA05C0C4962AF5BC8D0FBCEE
v0135,Green Teak,Green Teak,,,,https://www.instagram.com/greenteak.id/,Jakarta,INSERT_NEW,,List,163;164;165,1AB11BD57893424EA226135F670197B31B96B861BA05C0C4962AF5BC8D0FBCEE
v0136,"Habitat, Milan Tiles","Habitat, Milan Tiles",,,https://www.milantiles.com/,https://www.instagram.com/milantiles/,"Jakarta, Surabaya",INSERT_NEW,,List,166;167,1AB11BD57893424EA226135F670197B31B96B861BA05C0C4962AF5BC8D0FBCEE
v0137,Habitus Concept,Habitus Concept,,,https://www.habitusconcept.com/,https://www.instagram.com/habitusconcept.official/,Jakarta,INSERT_NEW,,List,168,1AB11BD57893424EA226135F670197B31B96B861BA05C0C4962AF5BC8D0FBCEE
v0138,Hafele,Hafele,,PT Hafele Indotama,,https://www.instagram.com/hafeleindonesia/?hl=en,Tangerang,INSERT_NEW,,List,169,1AB11BD57893424EA226135F670197B31B96B861BA05C0C4962AF5BC8D0FBCEE
v0139,Hale Magis,Hale Magis,,,,https://www.instagram.com/magishome_/,Jakarta,INSERT_NEW,,List,170,1AB11BD57893424EA226135F670197B31B96B861BA05C0C4962AF5BC8D0FBCEE
v0140,Harfit,Harfit,Pilar Inti Fittindo,,https://harfit.co.id/#,https://www.instagram.com/harfit_furniturefittings/,Jakarta,INSERT_NEW,,List,171;172;173;174;175;176;177;178;179,1AB11BD57893424EA226135F670197B31B96B861BA05C0C4962AF5BC8D0FBCEE
v0141,High Point,High Point,,,https://highpointoffice.com/,https://www.instagram.com/highpoint_office/,Jakarta,INSERT_NEW,,List,180;181;182,1AB11BD57893424EA226135F670197B31B96B861BA05C0C4962AF5BC8D0FBCEE
v0142,Higold,Higold,,,http://higoldindonesia.com/,,"Jakarta, Bandung, Palembang",INSERT_NEW,,List,183,1AB11BD57893424EA226135F670197B31B96B861BA05C0C4962AF5BC8D0FBCEE
v0143,Idecemerlang,Idecemerlang,,,https://www.tokopedia.com/cemerlangide,,Bantul,INSERT_NEW,,List,184,1AB11BD57893424EA226135F670197B31B96B861BA05C0C4962AF5BC8D0FBCEE
v0144,Idefab,Idefab,,,https://idefabrics.com/about,https://www.instagram.com/idefabrics/?hl=en,"Jakarta, Bali",INSERT_NEW,,List,185,1AB11BD57893424EA226135F670197B31B96B861BA05C0C4962AF5BC8D0FBCEE
v0145,Iluma,Iluma,,,,https://www.instagram.com/ilumahome/,Jakarta,INSERT_NEW,,List,186,1AB11BD57893424EA226135F670197B31B96B861BA05C0C4962AF5BC8D0FBCEE
v0146,Iluma Lighting,Iluma Lighting,,,,https://www.instagram.com/ilumalighting/,Jakarta,INSERT_NEW,,List,187,1AB11BD57893424EA226135F670197B31B96B861BA05C0C4962AF5BC8D0FBCEE
v0147,INAX,INAX,LIXIL,,https://www.inax.co.id/id/products/ecocarat-plus/,https://www.instagram.com/inax.id/,"Jakarta, Bandung",INSERT_NEW,,List,188;189,1AB11BD57893424EA226135F670197B31B96B861BA05C0C4962AF5BC8D0FBCEE
v0148,Indah Alam,Indah Alam,,,https://www.indahalam.co.id/?fbclid=PAdGRleANII3dleHRuA2FlbQIxMQABp0jJsdLglA96HC7X0UJMQuPz6lRx3vj_R7QKdipHA4ugKCOWnVkZcEX7bFxn_aem_w4IzuQ_7HJynMSkfYrboEA,https://www.instagram.com/indahalamprojek/?locale=en,Jakarta,INSERT_NEW,,List,190,1AB11BD57893424EA226135F670197B31B96B861BA05C0C4962AF5BC8D0FBCEE
v0149,Indie.furn,Indie.furn,,,,https://www.instagram.com/indie.furn/,Jakarta,INSERT_NEW,,List,191,1AB11BD57893424EA226135F670197B31B96B861BA05C0C4962AF5BC8D0FBCEE
v0150,Indogress,Indogress,,PT Dutakreasi Bersama Realtindo,https://indogress.com/,https://www.instagram.com/indogress/,Jakarta,INSERT_NEW,,List,192,1AB11BD57893424EA226135F670197B31B96B861BA05C0C4962AF5BC8D0FBCEE
v0151,Indospace,Indospace,,,https://indospacegroup.com/id/,https://www.instagram.com/indospacegroup/?hl=en,Jakarta,INSERT_NEW,,List,193,1AB11BD57893424EA226135F670197B31B96B861BA05C0C4962AF5BC8D0FBCEE
v0152,Infiniti,Infiniti,,PT Surya Multi Cemerlang,https://www.titaniumgranite.com/,https://www.instagram.com/infinitigranite,Bandung,INSERT_NEW,,List,194,1AB11BD57893424EA226135F670197B31B96B861BA05C0C4962AF5BC8D0FBCEE
v0153,Inka Glass,Inka Glass,,,https://www.inkaglass.com/?fbclid=PAZXh0bgNhZW0CMTEAAaZFH9wyDbYRsc2KCNRix_XwW-u-PVp8Fm7n4x8F6XfS5mIhFTm70vuE8rA_aem_RlQ6qktJN97yj4ZHMrLsdg,https://www.instagram.com/inkaglass/?hl=en,Tangerang,INSERT_NEW,,List,195,1AB11BD57893424EA226135F670197B31B96B861BA05C0C4962AF5BC8D0FBCEE
v0154,Inome Houseware,Inome Houseware,,,https://inome-houseware.com,https://www.instagram.com/inome_houseware/?hl=en,Jakarta,INSERT_NEW,,List,196,1AB11BD57893424EA226135F670197B31B96B861BA05C0C4962AF5BC8D0FBCEE
v0155,Inovasi Adiwarna Raya,Inovasi Adiwarna Raya,,,https://inovasiadiwarna.com/,,Jakarta,INSERT_NEW,,List,479,1AB11BD57893424EA226135F670197B31B96B861BA05C0C4962AF5BC8D0FBCEE
v0156,Inston,Inston,,PT Solusi Lantai Utama,Inston,https://www.instagram.com/instonbeton?igsh=ZnQ5d2Z1MXIzNXF1,Jakarta,INSERT_NEW,,List,197,1AB11BD57893424EA226135F670197B31B96B861BA05C0C4962AF5BC8D0FBCEE
v0157,Interiorfurniturestore,Interiorfurniturestore,,,,https://www.instagram.com/interiorfurniturestore/,Jepara,INSERT_NEW,,List,198,1AB11BD57893424EA226135F670197B31B96B861BA05C0C4962AF5BC8D0FBCEE
v0158,Inti Solar,Inti Solar,,,https://intisolar.com/,https://www.instagram.com/intisolar,Jakarta,INSERT_NEW,,List,199,1AB11BD57893424EA226135F670197B31B96B861BA05C0C4962AF5BC8D0FBCEE
v0159,Jati Tari Meubel,Jati Tari Meubel,,,,https://www.instagram.com/jatitarimeubel/channel/,Jepara,INSERT_NEW,,List,200,1AB11BD57893424EA226135F670197B31B96B861BA05C0C4962AF5BC8D0FBCEE
v0160,JSM Lighting by Skylite,JSM Lighting by Skylite,,PT. Jagat Surya Masindo,https://jsmlighting.co.id,https://www.instagram.com/jsm.skylite/,Jakarta,INSERT_NEW,,List,201,1AB11BD57893424EA226135F670197B31B96B861BA05C0C4962AF5BC8D0FBCEE
v0161,Kacaruma,Kacaruma,,PT Kaca Ruma Indonesia,https://kacaruma.com,https://www.instagram.com/kacaruma/?hl=en,Tangerang,INSERT_NEW,,List,202,1AB11BD57893424EA226135F670197B31B96B861BA05C0C4962AF5BC8D0FBCEE
v0162,Kai Space - Kai Gallery,Kai Space - Kai Gallery,,,https://kai-gallery.id/index.php/home,https://www.instagram.com/kaigallery_id,Jakarta,INSERT_NEW,,List,203,1AB11BD57893424EA226135F670197B31B96B861BA05C0C4962AF5BC8D0FBCEE
v0163,Kaiiliving,Kaiiliving,,,,https://www.instagram.com/kaiiliving/?hl=en,Bandung,INSERT_NEW,,List,204,1AB11BD57893424EA226135F670197B31B96B861BA05C0C4962AF5BC8D0FBCEE
v0164,Kaisheng,Kaisheng,,PT Kaisheng Building Material,,https://www.instagram.com/kaishengbuildingmaterial?igsh=bDdhOXk2cWpzcG0=,Jakarta,INSERT_NEW,,List,205,1AB11BD57893424EA226135F670197B31B96B861BA05C0C4962AF5BC8D0FBCEE
v0165,Kammer,Kammer,,,https://www.kammer.co/,https://www.instagram.com/kammer.id/?hl=en,Jakarta,INSERT_NEW,,List,206;207;208,1AB11BD57893424EA226135F670197B31B96B861BA05C0C4962AF5BC8D0FBCEE
v0166,Karang Pilang,Karang Pilang,,,,https://www.instagram.com/karangpilang,BSD,INSERT_NEW,,List,209,1AB11BD57893424EA226135F670197B31B96B861BA05C0C4962AF5BC8D0FBCEE
v0167,Karya Graha Cemerlang,Karya Graha Cemerlang,,PT Karya Graha Cahaya,,https://www.instagram.com/karyagrahacemerlang/?hl=en,Jakarta,INSERT_NEW,,List,210,1AB11BD57893424EA226135F670197B31B96B861BA05C0C4962AF5BC8D0FBCEE
v0168,Katta Indonesia,Katta Indonesia,,,https://katta.co.id/,https://www.instagram.com/kattaindonesia/?hl=en,Jakarta,INSERT_NEW,,List,211,1AB11BD57893424EA226135F670197B31B96B861BA05C0C4962AF5BC8D0FBCEE
v0169,Kayu Alam,Kayu Alam,,,,https://www.instagram.com/kayualam/,Bekasi,INSERT_NEW,,List,212,1AB11BD57893424EA226135F670197B31B96B861BA05C0C4962AF5BC8D0FBCEE
v0170,Kayu Asri,Kayu Asri,,PT Kayu Asri indonesia,https://kayuasri.com/,https://www.instagram.com/kayuasri?igsh=MXdieXgycnZ2cnU2Mw==,Jakarta,INSERT_NEW,,List,213,1AB11BD57893424EA226135F670197B31B96B861BA05C0C4962AF5BC8D0FBCEE
v0171,Kayu Emas,Kayu Emas,,,,https://www.instagram.com/kayuemas.furniture/,Jepara,INSERT_NEW,,List,214,1AB11BD57893424EA226135F670197B31B96B861BA05C0C4962AF5BC8D0FBCEE
v0172,Kayu Lapis Indonesia,Kayu Lapis Indonesia,,PT Kayu Lapis Indonesia,https://pt-kli.com/contact/,https://www.instagram.com/kayulapisindonesia/?hl=en,Kendal - Jawa Tengah,INSERT_NEW,,List,215;216,1AB11BD57893424EA226135F670197B31B96B861BA05C0C4962AF5BC8D0FBCEE
v0173,KD Panels,KD Panels,,,https://www.keding-global.com/?gad_source=1&gad_campaignid=23066318787&gbraid=0AAAAAqwRsLQ7ThSfOBVnQZ4Etr_CzLoA8&gclid=Cj0KCQjwo63HBhCKARIsAHOHV_VEOiEC-NtpvjEl4fsIlqXjpElgOnsO5Grjx5cICkPmNq7bkfYH-BYaAtyjEALw_wcB,https://www.instagram.com/kdpanels_id/?hl=en,Jakarta,INSERT_NEW,,List,217,1AB11BD57893424EA226135F670197B31B96B861BA05C0C4962AF5BC8D0FBCEE
v0174,Kertasive,Kertasive,,,https://kertasive.id/,https://www.instagram.com/kertasive.id/,Tangerang,INSERT_NEW,,List,218,1AB11BD57893424EA226135F670197B31B96B861BA05C0C4962AF5BC8D0FBCEE
v0175,Kingtas,Kingtas,,,https://www.kingtasindonesia.com/,,Jakarta,INSERT_NEW,,List,465,1AB11BD57893424EA226135F670197B31B96B861BA05C0C4962AF5BC8D0FBCEE
v0176,Kitto Furniture,Kitto Furniture,,,,https://www.instagram.com/kittofurniture/,Jakarta,INSERT_NEW,,List,219,1AB11BD57893424EA226135F670197B31B96B861BA05C0C4962AF5BC8D0FBCEE
v0177,KKPL Indonesia,KKPL Indonesia,,,,https://www.instagram.com/kkpl.indonesia/?hl=en,Batam,INSERT_NEW,,List,477,1AB11BD57893424EA226135F670197B31B96B861BA05C0C4962AF5BC8D0FBCEE
v0178,Knobs And Pulls,Knobs And Pulls,,,,https://www.instagram.com/knobsandpulls.id/?hl=en,Surabaya,INSERT_NEW,,List,220,1AB11BD57893424EA226135F670197B31B96B861BA05C0C4962AF5BC8D0FBCEE
v0179,Kodai Door,Kodai Door,,,https://kodaidoor.com/,https://www.instagram.com/kodaidoor.official,Bekasi,INSERT_NEW,,List,221,1AB11BD57893424EA226135F670197B31B96B861BA05C0C4962AF5BC8D0FBCEE
v0180,Koru,Koru,,PT Bangunan Jaya Cemerlang,https://korumcm.com/,https://www.instagram.com/koruhome.id/?hl=en,Jakarta,INSERT_NEW,,List,222;223,1AB11BD57893424EA226135F670197B31B96B861BA05C0C4962AF5BC8D0FBCEE
v0181,Kreasiveneer Indonesia,Kreasiveneer Indonesia,,,https://kreasiveneer-indonesia.com/,https://www.instagram.com/kreasi_veneer?igsh=MWpiNzg4b2NlYmFxaw==,Tangerang,INSERT_NEW,,List,224,1AB11BD57893424EA226135F670197B31B96B861BA05C0C4962AF5BC8D0FBCEE
v0182,Kumeli Terrazo,Kumeli Terrazo,,,,https://www.instagram.com/kumeli_terrazzo/,Jakarta,INSERT_NEW,,List,225,1AB11BD57893424EA226135F670197B31B96B861BA05C0C4962AF5BC8D0FBCEE
v0183,Lalapis,Lalapis,,,https://www.lalalamp.id/shop/lalapis/3,https://www.instagram.com/lalapis.id/?hl=en,"Jakarta, Bekasi, Bandung, Bali",INSERT_NEW,,List,226,1AB11BD57893424EA226135F670197B31B96B861BA05C0C4962AF5BC8D0FBCEE
v0184,Lalauce Lighting,Lalauce Lighting,,,,https://www.instagram.com/laluce_lighting/?hl=en,Jakarta,INSERT_NEW,,List,227,1AB11BD57893424EA226135F670197B31B96B861BA05C0C4962AF5BC8D0FBCEE
v0185,Lanrose Painting,Lanrose Painting,,,https://www.tokopedia.com/lanroseofficial,https://www.instagram.com/lanrose.painting?igsh=a3BubmwwcDk2bDN1,Jakarta,INSERT_NEW,,List,228,1AB11BD57893424EA226135F670197B31B96B861BA05C0C4962AF5BC8D0FBCEE
v0186,Lantai Kayu Surabaya,Lantai Kayu Surabaya,,,https://surabayaparket.com/?fbclid=PAZXh0bgNhZW0CMTEAAaYqKwPVky5QrdBNY5CciRg2sbobRLpoCR7aL-F1gOfhNkJXYAfR6GrbOyc_aem_hF5iUXXoIOGUO-pw4Kikhw,https://www.instagram.com/lantaikayu.surabayaparket/?hl=en,Surabaya,INSERT_NEW,,List,229,1AB11BD57893424EA226135F670197B31B96B861BA05C0C4962AF5BC8D0FBCEE
v0187,Lantekayu,Lantekayu,,,"https://renson.net/gd-gb
https://www.reynaers.com/",https://www.instagram.com/lantekayuindonesia?igsh=MXNuamdsZnM5Z3lscg==,Jakarta,INSERT_NEW,,List,230;231,1AB11BD57893424EA226135F670197B31B96B861BA05C0C4962AF5BC8D0FBCEE
v0188,Latif Living,Latif Living,,,https://latif-living.com/,https://www.instagram.com/latif.living,Bali,INSERT_NEW,,List,467,1AB11BD57893424EA226135F670197B31B96B861BA05C0C4962AF5BC8D0FBCEE
v0189,Latterday,Latterday,,,,https://www.instagram.com/latterday.co/?hl=en,Jawa Tengah,INSERT_NEW,,List,232,1AB11BD57893424EA226135F670197B31B96B861BA05C0C4962AF5BC8D0FBCEE
v0190,Lava Solid Surface,Lava Solid Surface,,,https://www.lavasolid.com/?fbclid=PAZXh0bgNhZW0CMTEAAaZZmCx1FhTEPfWW83okxBu6jS8ozx3rraw0YTeWZH3Y83aUzE0qQeJqRzo_aem_kkJKFcl6JjHSaRLXq5bZDg,https://www.instagram.com/lavasolid/,Jakarta,INSERT_NEW,,List,233;234,1AB11BD57893424EA226135F670197B31B96B861BA05C0C4962AF5BC8D0FBCEE
v0191,Lb.interiorceiling,Lb.interiorceiling,,,,https://www.instagram.com/lb.interiorceiling/,Jakarta,INSERT_NEW,,List,480,1AB11BD57893424EA226135F670197B31B96B861BA05C0C4962AF5BC8D0FBCEE
v0192,Leder Haus,Leder Haus,,,https://leder-haus.com/,https://www.instagram.com/lederhaus_id/?hl=en,"Jakarta, Bandung, Bali",INSERT_NEW,,List,235,1AB11BD57893424EA226135F670197B31B96B861BA05C0C4962AF5BC8D0FBCEE
v0193,Line 8 --> satu group dengan Ecourban,Line 8 --> satu group dengan Ecourban,,,https://line8.com.sg/?fbclid=PAZnRzaANUT55leHRuA2FlbQIxMQABp04P2RbW2ZgXibakcojDNdFtJcjShQWAMMpbL9QAlTjdM3La1x2IsBT0qK3Y_aem_3RoDzHAbNyDhKiBRxdmKBw,https://www.instagram.com/line8powertracks?igsh=MXQ1bnVrMmUwZDl5Zg==,Tangerang,INSERT_NEW,,List,236,1AB11BD57893424EA226135F670197B31B96B861BA05C0C4962AF5BC8D0FBCEE
v0194,Lio Living,Lio Living,,,https://lioliving.com/?srsltid=AfmBOoqI-AzZmm03lBN2B7XR0zaRPFJxLcqFYQhOAFYdQ595F2khOPmz,,Yogyakarta,INSERT_NEW,,List,237,1AB11BD57893424EA226135F670197B31B96B861BA05C0C4962AF5BC8D0FBCEE
v0195,Little Italy,Little Italy,,,https://www.canva.com/design/DAGYgCF_eDk/lTkjAE4i9BQsgzHM4z-kyQ/view?utm_content=DAGYgCF_eDk&utm_campaign=designshare&utm_medium=link&utm_source=viewer,https://www.instagram.com/littleitaly.id/?hl=en,,INSERT_NEW,,List,238,1AB11BD57893424EA226135F670197B31B96B861BA05C0C4962AF5BC8D0FBCEE
v0196,Lonilla living,Lonilla living,,,,https://www.instagram.com/lonilla.living/?hl=en,Jakarta,INSERT_NEW,,List,239,1AB11BD57893424EA226135F670197B31B96B861BA05C0C4962AF5BC8D0FBCEE
v0197,Loom & Stone Indonesia,Loom & Stone Indonesia,,,loomandstone.id,https://www.instagram.com/loomandstone.id/,Jakarta Selatan,INSERT_NEW,,List,240,1AB11BD57893424EA226135F670197B31B96B861BA05C0C4962AF5BC8D0FBCEE
v0198,Ltech Indonesia,Ltech Indonesia,,,https://www.ltechsmart.id/home,https://www.instagram.com/ltech_id/,"Tangerang, Jakarta, Surabaya, Bali",INSERT_NEW,,List,241,1AB11BD57893424EA226135F670197B31B96B861BA05C0C4962AF5BC8D0FBCEE
v0199,Lumilight,Lumilight,,,,https://www.instagram.com/lumilight.id/?hl=en,Serpong,INSERT_NEW,,List,242,1AB11BD57893424EA226135F670197B31B96B861BA05C0C4962AF5BC8D0FBCEE
v0200,Luminaria Handles & Lighting,Luminaria Handles & Lighting,,,https://www.tokopedia.com/luminariahandles,https://www.instagram.com/luminariahandles/,Jakarta,INSERT_NEW,,List,243,1AB11BD57893424EA226135F670197B31B96B861BA05C0C4962AF5BC8D0FBCEE
v0201,Luminova,Luminova,,,,,Jakarta,INSERT_NEW,,List,468,1AB11BD57893424EA226135F670197B31B96B861BA05C0C4962AF5BC8D0FBCEE
v0202,Lumio Aluminium,Lumio Aluminium,,,https://lumiosolution.id,https://www.instagram.com/lumio_solution/,Jakarta,INSERT_NEW,,List,244,1AB11BD57893424EA226135F670197B31B96B861BA05C0C4962AF5BC8D0FBCEE
v0203,Lumo,Lumo,,,https://www.lumolumo.id/,https://www.instagram.com/lumo.surface/,Jakarta,INSERT_NEW,,List,245,1AB11BD57893424EA226135F670197B31B96B861BA05C0C4962AF5BC8D0FBCEE
v0204,Luna Rattan,Luna Rattan,,,https://www.lunabalifurniture.com/?utm_source=linktree&utm_medium=social&fbclid=PARlRTSANikEZleHRuA2FlbQIxMQABp9cLD7oTnSGDV7PuERCOJC42nJJS_GmvMhHlHG65lwMoo4Dhg8fSxNO6BEQx_aem_p1wnOysEwqjk1uMHOd1Hug,https://www.instagram.com/lunarattanfurniture/,Bali,INSERT_NEW,,List,246,1AB11BD57893424EA226135F670197B31B96B861BA05C0C4962AF5BC8D0FBCEE
v0205,Luxmenn,Luxmenn,,,https://www.luxmenn.com/,,Jakarta,INSERT_NEW,,List,482,1AB11BD57893424EA226135F670197B31B96B861BA05C0C4962AF5BC8D0FBCEE
v0206,Luxtura - Aplikator Suzuka Indonesia,Luxtura - Aplikator Suzuka Indonesia,,,,https://www.instagram.com/luxtura.id/,"Bali, Tangerang, Surabaya",INSERT_NEW,,List,247,1AB11BD57893424EA226135F670197B31B96B861BA05C0C4962AF5BC8D0FBCEE
v0207,Madana,Madana,,,,https://www.instagram.com/madanatiles/?hl=en,Jakarta,INSERT_NEW,,List,248;249;250,1AB11BD57893424EA226135F670197B31B96B861BA05C0C4962AF5BC8D0FBCEE
v0208,Magnolia V-ga,Magnolia V-ga,,,https://magnoliavga.com,https://www.instagram.com/magnolia.vga/?hl=en,Tangerang,INSERT_NEW,,List,251,1AB11BD57893424EA226135F670197B31B96B861BA05C0C4962AF5BC8D0FBCEE
v0209,Malibu,Malibu,,PT Aluprima Pacific Industries,https://aluprima.com/,https://www.instagram.com/alupacaluminium/,"Jakarta, Bekasi, Makassar",INSERT_NEW,,List,252,1AB11BD57893424EA226135F670197B31B96B861BA05C0C4962AF5BC8D0FBCEE
v0210,Malka Metal,Malka Metal,,,https://malka.co.id/,https://www.instagram.com/malka.metal,Cikarang,INSERT_NEW,,List,253;254,1AB11BD57893424EA226135F670197B31B96B861BA05C0C4962AF5BC8D0FBCEE
v0211,Marmer Berkat Abadi,Marmer Berkat Abadi,,,,https://www.instagram.com/marmerberkatabadi/,,INSERT_NEW,,List,255,1AB11BD57893424EA226135F670197B31B96B861BA05C0C4962AF5BC8D0FBCEE
v0212,Marmer X,Marmer X,,,https://marmerx.com/,https://www.instagram.com/marmerxofficial/,Tangerang,INSERT_NEW,,List,256,1AB11BD57893424EA226135F670197B31B96B861BA05C0C4962AF5BC8D0FBCEE
v0213,Master Wood,Master Wood,,PT Sari Kayu,,https://www.instagram.com/masterwood.interior,Jakarta,INSERT_NEW,,List,257,1AB11BD57893424EA226135F670197B31B96B861BA05C0C4962AF5BC8D0FBCEE
v0214,Masterlamp,Masterlamp,,,https://master-lamp.com/?fbclid=PAZnRzaANiltdleHRuA2FlbQIxMQABpxE-Iwx525gy0Peamy3fQ3s-EjUAtSRiSSpYSMG9vvAFcwmlOY_VqIFCGVVa_aem_W7GCkhfMqJ9hGzgkTZRJfA,https://www.instagram.com/masterlamp.id/,Jakarta,INSERT_NEW,,List,258,1AB11BD57893424EA226135F670197B31B96B861BA05C0C4962AF5BC8D0FBCEE
v0215,Matsuo indonesia,Matsuo indonesia,,,https://www.matsuo.co.id/?fbclid=PAdGRleANi64dleHRuA2FlbQIxMQABp2_IObGj81ua_GEjQNLLvUorLPp-PvNUbgDlX36JHUE7qVpqgEtSoE3qLBd9_aem_-N6aamxDhWbc0eTTSvB4sA,https://www.instagram.com/matsuoindonesia?igsh=MTN2dGEzMTZqeDJweQ==,Jakarta,INSERT_NEW,,List,259;260,1AB11BD57893424EA226135F670197B31B96B861BA05C0C4962AF5BC8D0FBCEE
v0216,Mbarep Jati (Pintu Jati Asli),Mbarep Jati (Pintu Jati Asli),,,https://www.mbarepjati.com/,https://www.instagram.com/pintu_jati_asli/,Jawa Tengah,INSERT_NEW,,List,261,1AB11BD57893424EA226135F670197B31B96B861BA05C0C4962AF5BC8D0FBCEE
v0217,Megatone Powder Coating,Megatone Powder Coating,,PT Sari Warna Sampurna,https://www.megatonepowdercoating.com/,https://www.instagram.com/megatone_powdercoating/,Tangerang,INSERT_NEW,,List,262,1AB11BD57893424EA226135F670197B31B96B861BA05C0C4962AF5BC8D0FBCEE
v0218,Meglio,Meglio,,,https://www.meglio.id/,https://www.instagram.com/meglio.collection/,Tangerang,INSERT_NEW,,List,263,1AB11BD57893424EA226135F670197B31B96B861BA05C0C4962AF5BC8D0FBCEE
v0219,Miann Living,Miann Living,,,,https://www.instagram.com/miannliving/,Tangerang,INSERT_NEW,,List,264,1AB11BD57893424EA226135F670197B31B96B861BA05C0C4962AF5BC8D0FBCEE
v0220,Mil & Bay,Mil & Bay,,,http://www.milandbay.com,https://www.instagram.com/milandbay/,Jakarta,INSERT_NEW,,List,265;266,1AB11BD57893424EA226135F670197B31B96B861BA05C0C4962AF5BC8D0FBCEE
v0221,Milanceramic Tiles,Milanceramic Tiles,,,https://www.milantiles.com/,https://www.instagram.com/milantiles/,Jakarta,INSERT_NEW,,List,267,1AB11BD57893424EA226135F670197B31B96B861BA05C0C4962AF5BC8D0FBCEE
v0222,MiLL Aluminium,MiLL Aluminium,,,,https://www.instagram.com/mill.aluminium/?hl=en,Jakarta,INSERT_NEW,,List,268,1AB11BD57893424EA226135F670197B31B96B861BA05C0C4962AF5BC8D0FBCEE
v0223,Mimos Surface,Mimos Surface,,PT Stone Mason Indonesia,https://www.monolithsurfaces.com,https://www.instagram.com/mimos.surface/?hl=en,"Jakarta, Bali, Surabaya",INSERT_NEW,,List,269,1AB11BD57893424EA226135F670197B31B96B861BA05C0C4962AF5BC8D0FBCEE
v0224,Miratap,Miratap,,,https://www.miratap.id,https://www.instagram.com/miratap_indonesia/,Jakarta,INSERT_NEW,,List,270,1AB11BD57893424EA226135F670197B31B96B861BA05C0C4962AF5BC8D0FBCEE
v0225,MMgalleri,MMgalleri,,,https://mmgalleri.com/home/?c=jakarta,,Jakarta,INSERT_NEW,,List,470,1AB11BD57893424EA226135F670197B31B96B861BA05C0C4962AF5BC8D0FBCEE
v0226,Modeco,Modeco,,,https://modeco.id,https://www.instagram.com/modecostoneindonesia/,Jakarta,INSERT_NEW,,List,271,1AB11BD57893424EA226135F670197B31B96B861BA05C0C4962AF5BC8D0FBCEE
v0227,Modern Dekorindo,Modern Dekorindo,,,https://www.moderndekorindo.com/,https://www.instagram.com/moderndekorindo/?hl=en,Tangerang,INSERT_NEW,,List,272;273;274;275,1AB11BD57893424EA226135F670197B31B96B861BA05C0C4962AF5BC8D0FBCEE
v0228,Moire,Moire,,,https://moirerugs.com/,https://www.instagram.com/moirerugs/,Jakarta,INSERT_NEW,,List,276,1AB11BD57893424EA226135F670197B31B96B861BA05C0C4962AF5BC8D0FBCEE
v0229,Mokatt Living,Mokatt Living,,,,https://www.instagram.com/mokattisartliving/,,INSERT_NEW,,List,277,1AB11BD57893424EA226135F670197B31B96B861BA05C0C4962AF5BC8D0FBCEE
v0230,Monolith,Monolith,,,,https://www.instagram.com/monolith_idn/?hl=en,"Jakarta, Surabaya, Bali, Medan",INSERT_NEW,,List,278;279,1AB11BD57893424EA226135F670197B31B96B861BA05C0C4962AF5BC8D0FBCEE
v0231,Monoliving,Monoliving,,,,https://www.instagram.com/monoliving.id/,Jakarta,INSERT_NEW,,List,280,1AB11BD57893424EA226135F670197B31B96B861BA05C0C4962AF5BC8D0FBCEE
v0232,Monostar,Monostar,,,https://monostar.co.id/,https://www.instagram.com/monostar.official/,Jakarta,INSERT_NEW,,List,281,1AB11BD57893424EA226135F670197B31B96B861BA05C0C4962AF5BC8D0FBCEE
v0233,Moonliving,Moonliving,,,https://www.moonliving.id/?fbclid=PAZXh0bgNhZW0CMTEAAaYgtXTCWR-U1eSZpDPmWpuLkR-uMnwTmXlXZurARBr15hTFGpldiLd34pM_aem_2O2au-iUP3UiTk090vHBwA#_,https://www.instagram.com/moonliving.id/?hl=en,Jepara,INSERT_NEW,,List,282,1AB11BD57893424EA226135F670197B31B96B861BA05C0C4962AF5BC8D0FBCEE
v0234,Morgen,Morgen,,PT Favorite Indonesia,https://morgen.co.id/,https://www.instagram.com/morgen_idn/%20,Jakarta,INSERT_NEW,,List,283;466,1AB11BD57893424EA226135F670197B31B96B861BA05C0C4962AF5BC8D0FBCEE
v0235,Morse Alam,Morse Alam,,,https://www.morsealam.com/,https://www.instagram.com/morsealam/,Jakarta,INSERT_NEW,,List,284,1AB11BD57893424EA226135F670197B31B96B861BA05C0C4962AF5BC8D0FBCEE
v0236,Mosaic Mass,Mosaic Mass,,,,https://www.instagram.com/mosaicmassofficial/?hl=en,Jakarta,INSERT_NEW,,List,285,1AB11BD57893424EA226135F670197B31B96B861BA05C0C4962AF5BC8D0FBCEE
v0237,Mosaicart,Mosaicart,,,https://mosaicart.id/,https://www.instagram.com/mosaicart.id,Jakarta,INSERT_NEW,,List,286,1AB11BD57893424EA226135F670197B31B96B861BA05C0C4962AF5BC8D0FBCEE
v0238,Mozza,Mozza,,,https://www.mozzatile.com/,https://www.instagram.com/mozzatile/,Jakarta,INSERT_NEW,,List,287,1AB11BD57893424EA226135F670197B31B96B861BA05C0C4962AF5BC8D0FBCEE
v0239,MUKA,MUKA,,,https://mukasurfaces.com/?fbclid=PARlRTSAN2Yj1leHRuA2FlbQIxMAABp5MEk2MJGGgH8BmyfeCNhvnzfXWQBxscBGE94G-25qs9IrSYOif3q6RuitCn_aem_d_38_UIbxFwwYn0-llxuNg,https://www.instagram.com/muka_surface?igsh=dzd2emo2ZnFoaGdq,"Jakarta, Surabaya",INSERT_NEW,,List,288,1AB11BD57893424EA226135F670197B31B96B861BA05C0C4962AF5BC8D0FBCEE
v0240,Muro Paint,Muro Paint,,,https://www.muropaint.com/?fbclid=PAZXh0bgNhZW0CMTEAAaYro870CU_x8CAQZhdYe5Mf8T7JWj15AG13om221nI2XQRXR7r51NLqByo_aem_XNrR4xAV3GqCLmEEQVWABQ,https://www.instagram.com/muropaint/,"Jakarta, Bali",INSERT_NEW,,List,289,1AB11BD57893424EA226135F670197B31B96B861BA05C0C4962AF5BC8D0FBCEE
v0241,Murova Aluminium,Murova Aluminium,,,https://murova-aluminium.com/,https://www.instagram.com/murova_aluminium/,Jakarta,INSERT_NEW,,List,290,1AB11BD57893424EA226135F670197B31B96B861BA05C0C4962AF5BC8D0FBCEE
v0242,Naura Artificial,Naura Artificial,,,,https://www.instagram.com/naura_artificial?igsh=NGc1ZmtrYmZ3b3Fo,"Jakarta, Bandung",INSERT_NEW,,List,291,1AB11BD57893424EA226135F670197B31B96B861BA05C0C4962AF5BC8D0FBCEE
v0243,New Wicker,New Wicker,,,https://newwicker.com/,https://www.instagram.com/newwickermanufacturer/,Cirebon,INSERT_NEW,,List,292,1AB11BD57893424EA226135F670197B31B96B861BA05C0C4962AF5BC8D0FBCEE
v0244,Nexsta,Nexsta,,PT YKK AP Indonesia,https://www.ykkap.co.id/,https://www.instagram.com/ykkapi_official/,"Jakarta, Surabaya",INSERT_NEW,,List,293,1AB11BD57893424EA226135F670197B31B96B861BA05C0C4962AF5BC8D0FBCEE
v0245,Nobel Carpets,Nobel Carpets,,PT Nobel Industries,https://www.nobelcarpets.com/,https://www.instagram.com/nobel.carpets,Bandung,INSERT_NEW,,List,294,1AB11BD57893424EA226135F670197B31B96B861BA05C0C4962AF5BC8D0FBCEE
v0246,Nood,Nood,,,,https://www.instagram.com/noodwood_id?igsh=MXRrb293dTdhdTdsaw==,Jepara,INSERT_NEW,,List,295,1AB11BD57893424EA226135F670197B31B96B861BA05C0C4962AF5BC8D0FBCEE
v0247,Novacolor,Novacolor,,PT Guiji Cat Mada,https://novacolor.id/index.php,https://www.instagram.com/novacolor_indonesia/,"Jakarta, Surabaya",INSERT_NEW,,List,296,1AB11BD57893424EA226135F670197B31B96B861BA05C0C4962AF5BC8D0FBCEE
v0248,Nu Stone Republic,Nu Stone Republic,,PT Nustone Republik Berjaya,https://nustonerepublic.com,https://www.instagram.com/nustonerepublic_official/,Jakarta,INSERT_NEW,,List,297,1AB11BD57893424EA226135F670197B31B96B861BA05C0C4962AF5BC8D0FBCEE
v0249,Nurco Lighting,Nurco Lighting,,PT Nurco Aruna Mitra,https://www.nurcolighting.com/?fbclid=PAZXh0bgNhZW0CMTEAAaYfAh4qNoqpdAhN8f620C6KRKMU9q0Qt7KbUZxJme0uasSoC1Up9RGR6WY_aem_5CMBNGno22LJLdUcLlKCxw,https://www.instagram.com/nurcolighting/?hl=en,Tangerang,INSERT_NEW,,List,298,1AB11BD57893424EA226135F670197B31B96B861BA05C0C4962AF5BC8D0FBCEE
v0250,Nusa Sarana,Nusa Sarana,,PT Nusa Sarana Indonesia,,https://www.instagram.com/nusasarana/,Bekasi,INSERT_NEW,,List,299,1AB11BD57893424EA226135F670197B31B96B861BA05C0C4962AF5BC8D0FBCEE
v0251,Olina Furniture,Olina Furniture,,,"Olina Furniture – Reparasi & Custom Sofa, Custom Kursi, Padded Wall, Head Board & Divan, Rottan",Olina,Tangerang Selatan & Jepara,INSERT_NEW,,List,300,1AB11BD57893424EA226135F670197B31B96B861BA05C0C4962AF5BC8D0FBCEE
v0252,Olo Home,Olo Home,,,https://en.olo-home.com/,,China,INSERT_NEW,,List,301,1AB11BD57893424EA226135F670197B31B96B861BA05C0C4962AF5BC8D0FBCEE
v0253,Omah Bata,Omah Bata,,,https://omahbata.com/,https://www.instagram.com/omahbata/?hl=en,Jakarta,INSERT_NEW,,List,302,1AB11BD57893424EA226135F670197B31B96B861BA05C0C4962AF5BC8D0FBCEE
v0254,Onassis,Onassis,,,https://www.onassis-hardware.com/,https://www.instagram.com/onassis.official/,Jakarta,INSERT_NEW,,List,303,1AB11BD57893424EA226135F670197B31B96B861BA05C0C4962AF5BC8D0FBCEE
v0255,Onna,Onna,,,https://www.onna.co.id/?fbclid=PAZXh0bgNhZW0CMTEAAacahAaVMTj8CFHsYB2515MFd3uN19E8N4Qy4KIvGODx9MwwrzUm0tnBTjr5IQ_aem__bj78BYq4Ao69c5c1MjRxA,https://www.instagram.com/onnaindonesia,Jakarta,INSERT_NEW,,List,304,1AB11BD57893424EA226135F670197B31B96B861BA05C0C4962AF5BC8D0FBCEE
v0256,Osborn,Osborn,,,https://osborn.id/,https://www.instagram.com/osborn.pvcboard?igsh=MTBoemZwaXdwYWp4aQ==,Semarang,INSERT_NEW,,List,305,1AB11BD57893424EA226135F670197B31B96B861BA05C0C4962AF5BC8D0FBCEE
v0257,Oscar Barisol,Oscar Barisol,,,https://www.distributorbarrisol.id/Products.htm,,Jakarta,INSERT_NEW,,List,306,1AB11BD57893424EA226135F670197B31B96B861BA05C0C4962AF5BC8D0FBCEE
v0258,Oslo,Oslo,,,https://oslodesign.com/,https://www.instagram.com/osloflooring/,"Bali, Medan, Padang",INSERT_NEW,,List,307;308,1AB11BD57893424EA226135F670197B31B96B861BA05C0C4962AF5BC8D0FBCEE
v0259,Paloma,Paloma,,,https://palomahardware.com/,https://www.instagram.com/palomahardware/?hl=en,Jakarta,INSERT_NEW,,List,309;310,1AB11BD57893424EA226135F670197B31B96B861BA05C0C4962AF5BC8D0FBCEE
v0260,Pamosproject,Pamosproject,,,,https://www.instagram.com/pamosproject/,Jakarta,INSERT_NEW,,List,311,1AB11BD57893424EA226135F670197B31B96B861BA05C0C4962AF5BC8D0FBCEE
v0261,Pandawa Indonesia,Pandawa Indonesia,,,,https://www.instagram.com/pandawaindonesiaofficial/?hl=en,Bali,INSERT_NEW,,List,312,1AB11BD57893424EA226135F670197B31B96B861BA05C0C4962AF5BC8D0FBCEE
v0262,Panelinc,Panelinc,,,https://panelinc.id/,https://www.instagram.com/panelinc.id?igsh=bng5YTdtM3J0MW96,Jakarta,INSERT_NEW,,List,313,1AB11BD57893424EA226135F670197B31B96B861BA05C0C4962AF5BC8D0FBCEE
v0263,Panelku,Panelku,,,https://panelku.co.id/,https://www.instagram.com/panelku.co.id/?hl=en,Jakarta,INSERT_NEW,,List,314,1AB11BD57893424EA226135F670197B31B96B861BA05C0C4962AF5BC8D0FBCEE
v0264,Papan Ruma Terrazo,Papan Ruma Terrazo,,,,https://www.instagram.com/papanrumaterrazzo/,Jakarta,INSERT_NEW,,List,315,1AB11BD57893424EA226135F670197B31B96B861BA05C0C4962AF5BC8D0FBCEE
v0265,Paper Yarn,Paper Yarn,,,https://linktr.ee/paperyarn,https://www.instagram.com/paperyarn_id,Jakarta,INSERT_NEW,,List,316,1AB11BD57893424EA226135F670197B31B96B861BA05C0C4962AF5BC8D0FBCEE
v0266,Penta Prima Paint,Penta Prima Paint,,,https://mail.pentaprima.co.id/home#loaded,https://www.instagram.com/pentaprimapaint.id?igsh=OTZjNzZwdWs1NXZs,Jakarta,INSERT_NEW,,List,317,1AB11BD57893424EA226135F670197B31B96B861BA05C0C4962AF5BC8D0FBCEE
v0267,Perintis Logam Metal,Perintis Logam Metal,,,https://perintislogam.com/,https://www.instagram.com/perintis.logam/,Jakarta,INSERT_NEW,,List,318,1AB11BD57893424EA226135F670197B31B96B861BA05C0C4962AF5BC8D0FBCEE
v0268,Phomi,Phomi,,,https://phomimcm.com/,https://www.instagram.com/phomimcm/?hl=en,Jakarta,INSERT_NEW,,List,319,1AB11BD57893424EA226135F670197B31B96B861BA05C0C4962AF5BC8D0FBCEE
v0269,Pietra Bianca,Pietra Bianca,,,https://pietrabiancainternational.id/?fbclid=PAZnRzaAN1PGFleHRuA2FlbQIxMQABp0gWbRSEB5K8HaprhQzzJinrgzIujo_UiEzbBzy5X_11jncux1IVn6P8fQh0_aem_6zXwBflD9Ao3irO1fNR6GQ,https://www.instagram.com/pietrabianca.id/,Jakarta,INSERT_NEW,,List,320,1AB11BD57893424EA226135F670197B31B96B861BA05C0C4962AF5BC8D0FBCEE
v0270,Pineapple,Pineapple,,,https://itspineapple.com/,https://www.instagram.com/pineapplefurniture/,BSD,INSERT_NEW,,List,321,1AB11BD57893424EA226135F670197B31B96B861BA05C0C4962AF5BC8D0FBCEE
v0271,Plaswood,Plaswood,,PT Plaswood Bangun Indonesia,https://www.plaswoodindonesia.com/,https://www.instagram.com/plaswood_id/?hl=en,Jakarta,INSERT_NEW,,List,322;323;324;325,1AB11BD57893424EA226135F670197B31B96B861BA05C0C4962AF5BC8D0FBCEE
v0272,Primaja Indokreasi,Primaja Indokreasi,,PT Primaja Indo Kreasi,https://primaja.indonetwork.co.id,https://www.instagram.com/indonetwork.co.id/,Jakarta,INSERT_NEW,,List,326,1AB11BD57893424EA226135F670197B31B96B861BA05C0C4962AF5BC8D0FBCEE
v0273,Prime Stone,Prime Stone,,,https://primestone.co.id/,https://www.instagram.com/primestone.id/?hl=en,Jakarta,INSERT_NEW,,List,327,1AB11BD57893424EA226135F670197B31B96B861BA05C0C4962AF5BC8D0FBCEE
v0274,Prisma Marble,Prisma Marble,,PT Prima Sejati Makmur,https://prismamarble.id/about-prisma/,https://www.instagram.com/prismamarble/?hl=en,Jakarta,INSERT_NEW,,List,328,1AB11BD57893424EA226135F670197B31B96B861BA05C0C4962AF5BC8D0FBCEE
v0275,Prive Furniture,Prive Furniture,,,https://prive-living.com/,https://www.instagram.com/privefurniture/?hl=en,"Jakarta, Surabaya",INSERT_NEW,,List,329;330,1AB11BD57893424EA226135F670197B31B96B861BA05C0C4962AF5BC8D0FBCEE
v0276,Prona Max,Prona Max,,,https://pronamax.com/?fbclid=PAZXh0bgNhZW0CMTEAAafrhAfS7HjmtFM1gLYfYxsnVT4U8U9ekaaQtkgeW-2xWnbVWQ4EAHGGJ8MV-Q_aem_4zehYeCn9l_3xH6fteuo3A,https://www.instagram.com/pronamax.official,Jakarta,INSERT_NEW,,List,331,1AB11BD57893424EA226135F670197B31B96B861BA05C0C4962AF5BC8D0FBCEE
v0277,Puffin Paint,Puffin Paint,,PT Indojaya Sakti Teguh,https://puffinpaint.com/,https://www.instagram.com/puffinpaint?igsh=OTRpdzZxbXF3N25p,Jakarta,INSERT_NEW,,List,332,1AB11BD57893424EA226135F670197B31B96B861BA05C0C4962AF5BC8D0FBCEE
v0278,Purnama Roster,Purnama Roster,,,,https://www.instagram.com/purnamaroster/,Jakarta,INSERT_NEW,,List,333,1AB11BD57893424EA226135F670197B31B96B861BA05C0C4962AF5BC8D0FBCEE
v0279,Purva,Purva,,,https://www.purvaindonesia.com/?fbclid=PAZXh0bgNhZW0CMTEAAaaM7CEipj2QUWwaxNP5a0sp_1KdcgHJ8ZD2qpDr7xZh536XpFiy9D31oZc_aem_f1HdjEF0gXjgTCtd8k-Pxg,https://www.instagram.com/purva.id/?hl=en,Jakarta,INSERT_NEW,,List,334,1AB11BD57893424EA226135F670197B31B96B861BA05C0C4962AF5BC8D0FBCEE
v0280,Quantum Marble,Quantum Marble,,,https://quantummarble.com/,https://www.instagram.com/quantummarble.id/?hl=en,Jakarta,INSERT_NEW,,List,335,1AB11BD57893424EA226135F670197B31B96B861BA05C0C4962AF5BC8D0FBCEE
v0281,RAG,RAG,,,,https://www.instagram.com/rag_home/?hl=en,Jakarta,INSERT_NEW,,List,336,1AB11BD57893424EA226135F670197B31B96B861BA05C0C4962AF5BC8D0FBCEE
v0282,Rainbow carpet,Rainbow carpet,,,https://www.rainbowcarpet.com/,,Jakarta,INSERT_NEW,,List,471,1AB11BD57893424EA226135F670197B31B96B861BA05C0C4962AF5BC8D0FBCEE
v0283,Rava Indonesia,Rava Indonesia,Inter kreasi selaras,,,https://www.instagram.com/rava.idn?igsh=M3B5YXZpc29pdzhw,Jakarta,INSERT_NEW,,List,337;338,1AB11BD57893424EA226135F670197B31B96B861BA05C0C4962AF5BC8D0FBCEE
v0284,Reflecto,Reflecto,,,https://reflecto.co.id,https://www.instagram.com/reflecto.id/,Jakarta,INSERT_NEW,,List,339;340,1AB11BD57893424EA226135F670197B31B96B861BA05C0C4962AF5BC8D0FBCEE
v0285,Reflecto - Klinz,Reflecto - Klinz,,,https://reflecto.co.id,https://www.instagram.com/reflecto.id/,Jakarta,INSERT_NEW,,List,341,1AB11BD57893424EA226135F670197B31B96B861BA05C0C4962AF5BC8D0FBCEE
v0286,Reflecto - Naked Stone,Reflecto - Naked Stone,,,https://reflecto.co.id,https://www.instagram.com/reflecto.id/,Jakarta,INSERT_NEW,,List,342,1AB11BD57893424EA226135F670197B31B96B861BA05C0C4962AF5BC8D0FBCEE
v0287,Reflecto - Rewoll,Reflecto - Rewoll,,,https://reflecto.co.id,https://www.instagram.com/reflecto.id/,Jakarta,INSERT_NEW,,List,343,1AB11BD57893424EA226135F670197B31B96B861BA05C0C4962AF5BC8D0FBCEE
v0288,Reflecto Film,Reflecto Film,,,https://reflecto.co.id,https://www.instagram.com/reflecto.id/,Jakarta,INSERT_NEW,,List,344,1AB11BD57893424EA226135F670197B31B96B861BA05C0C4962AF5BC8D0FBCEE
v0289,Regno,Regno,,,,https://www.instagram.com/regno_id/,Surabaya,INSERT_NEW,,List,345,1AB11BD57893424EA226135F670197B31B96B861BA05C0C4962AF5BC8D0FBCEE
v0290,Rendy Marmer Granit,Rendy Marmer Granit,,,,https://www.instagram.com/importir_marmer_granit/,Jakarta,INSERT_NEW,,List,346,1AB11BD57893424EA226135F670197B31B96B861BA05C0C4962AF5BC8D0FBCEE
v0291,Rimba Partikel,Rimba Partikel,Rimba Partikel Indonesia,,https://rimbapartikel.com/id/,https://www.instagram.com/rimbapartikel/,Kendal,INSERT_NEW,,List,347,1AB11BD57893424EA226135F670197B31B96B861BA05C0C4962AF5BC8D0FBCEE
v0292,Roa Hand Woven,Roa Hand Woven,,,https://www.roa.co.id/index.html,https://www.instagram.com/roa.handwoven/?hl=en,Magelang,INSERT_NEW,,List,348,1AB11BD57893424EA226135F670197B31B96B861BA05C0C4962AF5BC8D0FBCEE
v0293,Robries,Robries,,,,https://www.instagram.com/robries/?hl=en,Surabaya,INSERT_NEW,,List,349,1AB11BD57893424EA226135F670197B31B96B861BA05C0C4962AF5BC8D0FBCEE
v0294,Roca,Roca,,,,,,INSERT_NEW,,List,484,1AB11BD57893424EA226135F670197B31B96B861BA05C0C4962AF5BC8D0FBCEE
v0295,Rockpaint,Rockpaint,,PT Rock Paint Indonesia,https://www.rockpaint.co.id/id,https://www.instagram.com/rockpaint_indonesia/,,INSERT_NEW,,List,350,1AB11BD57893424EA226135F670197B31B96B861BA05C0C4962AF5BC8D0FBCEE
v0296,Rooftop,Rooftop,,PT Sumber Djaja Perkasa,https://rooftop.co.id/,https://www.instagram.com/rooftop.id/,Sidoarjo,INSERT_NEW,,List,351,1AB11BD57893424EA226135F670197B31B96B861BA05C0C4962AF5BC8D0FBCEE
v0297,Rootslab,Rootslab,,,,https://www.instagram.com/rootslab/?hl=en,Bekasi,INSERT_NEW,,List,352,1AB11BD57893424EA226135F670197B31B96B861BA05C0C4962AF5BC8D0FBCEE
v0298,Roshan,Roshan,,,https://roshan.id/,https://www.instagram.com/roshan.id/,Jakarta,INSERT_NEW,,List,353,1AB11BD57893424EA226135F670197B31B96B861BA05C0C4962AF5BC8D0FBCEE
v0299,Rovega,Rovega,,PT Rovega Indonesia,https://rovegafurniture.com/,https://www.instagram.com/rovegafurniture/?hl=id,Jakarta,INSERT_NEW,,List,354,1AB11BD57893424EA226135F670197B31B96B861BA05C0C4962AF5BC8D0FBCEE
v0300,Roxy Glass,Roxy Glass,,PT Roxy Prima Indoproducts,www.roxyglass.com,https://www.instagram.com/roxy_glass?igsh=MWl1cHNzeXF5dXJwZQ==,Jakarta,INSERT_NEW,,List,355;356,1AB11BD57893424EA226135F670197B31B96B861BA05C0C4962AF5BC8D0FBCEE
v0301,Rumah Mebel,Rumah Mebel,,,https://rumahmebel.id,https://www.instagram.com/rumahmebel.id/,Jakarta,INSERT_NEW,,List,357,1AB11BD57893424EA226135F670197B31B96B861BA05C0C4962AF5BC8D0FBCEE
v0302,Sahabat Jaya Sukses,Sahabat Jaya Sukses,,,https://sahabatjayasukses.com/,https://www.instagram.com/sahabatjayasukses/,Jakarta,INSERT_NEW,,List,358,1AB11BD57893424EA226135F670197B31B96B861BA05C0C4962AF5BC8D0FBCEE
v0303,Sakamurya Furniture,Sakamurya Furniture,,,,https://www.instagram.com/a.sakamuryafurniture/?hl=en,Jakarta,INSERT_NEW,,List,359,1AB11BD57893424EA226135F670197B31B96B861BA05C0C4962AF5BC8D0FBCEE
v0304,Sampoerna Kayoe,Sampoerna Kayoe,,PT Sumber Graha Sejahtera,https://www.sampoernakayoe.co.id/id/,https://www.instagram.com/sampoernakayoe/?hl=en,Jakarta,INSERT_NEW,,List,360,1AB11BD57893424EA226135F670197B31B96B861BA05C0C4962AF5BC8D0FBCEE
v0305,Samudera Solid Surface,Samudera Solid Surface,,,,https://www.instagram.com/samudera_nite/,Bogor,INSERT_NEW,,List,361,1AB11BD57893424EA226135F670197B31B96B861BA05C0C4962AF5BC8D0FBCEE
v0306,Sana Living,Sana Living,,,http://www.sana-living.com/,https://www.instagram.com/sanaliving/,Jakarta,INSERT_NEW,,List,362,1AB11BD57893424EA226135F670197B31B96B861BA05C0C4962AF5BC8D0FBCEE
v0307,Sandimas,Sandimas,,,https://sandimas.co.id/,https://www.instagram.com/sandimastiles/,Jakarta,INSERT_NEW,,List,472,1AB11BD57893424EA226135F670197B31B96B861BA05C0C4962AF5BC8D0FBCEE
v0308,Sans Mosaic,Sans Mosaic,,,,https://www.instagram.com/sansmosaic/,Jakarta,INSERT_NEW,,List,363,1AB11BD57893424EA226135F670197B31B96B861BA05C0C4962AF5BC8D0FBCEE
v0309,Sanwacompany,Sanwacompany,,,sanwacompany.id/ao/,,Jakarta,INSERT_NEW,,List,473,1AB11BD57893424EA226135F670197B31B96B861BA05C0C4962AF5BC8D0FBCEE
v0310,Selia Project,Selia Project,,,https://seliaproject.com/,https://www.instagram.com/seliaproject/,Jakarta,INSERT_NEW,,List,481,1AB11BD57893424EA226135F670197B31B96B861BA05C0C4962AF5BC8D0FBCEE
v0311,Sentra Bata,Sentra Bata,,CV Mahiera Global Solution,,https://www.instagram.com/sentrabata?igsh=MWFibW40d2J4ZmUwcQ==,Jakarta,INSERT_NEW,,List,364,1AB11BD57893424EA226135F670197B31B96B861BA05C0C4962AF5BC8D0FBCEE
v0312,Sentra Marble,Sentra Marble,,,,https://www.instagram.com/sentramarble.id/?hl=en,Jakarta,INSERT_NEW,,List,365,1AB11BD57893424EA226135F670197B31B96B861BA05C0C4962AF5BC8D0FBCEE
v0313,Sentra Marmer (Sekawan Alam Sejahtera Marmer),Sentra Marmer (Sekawan Alam Sejahtera Marmer),,,https://sentramarmer.com/index.html,https://www.instagram.com/sentramarmer/,Jakarta,INSERT_NEW,,List,366,1AB11BD57893424EA226135F670197B31B96B861BA05C0C4962AF5BC8D0FBCEE
v0314,Sentracon,Sentracon,,,https://sentracon.co.id/,,Jakarta,INSERT_NEW,,List,367,1AB11BD57893424EA226135F670197B31B96B861BA05C0C4962AF5BC8D0FBCEE
v0315,Serba Antik,Serba Antik,,,https://www.serbaantik.com/,https://www.instagram.com/serbaantikinterior,"Jakarta, Bali, Surabaya",INSERT_NEW,,List,368;369,1AB11BD57893424EA226135F670197B31B96B861BA05C0C4962AF5BC8D0FBCEE
v0316,Seyven,Seyven,,,https://seyven.co.id/?fbclid=PAZXh0bgNhZW0CMTEAAadtenNlTwT3W-QIlYtdfZ6puIVEupAYU-ou0WjyI9kLukbgNOgu8WS_F14Edg_aem_VxS4-Pf0ONa6XafBbfsaoA,https://www.instagram.com/seyven.id,Jakarta,INSERT_NEW,,List,370,1AB11BD57893424EA226135F670197B31B96B861BA05C0C4962AF5BC8D0FBCEE
v0317,Sib Indonesia,Sib Indonesia,,,,https://www.instagram.com/sibindonesia/,,INSERT_NEW,,List,371,1AB11BD57893424EA226135F670197B31B96B861BA05C0C4962AF5BC8D0FBCEE
v0318,Singres,Singres,,,https://singres.id/,https://www.instagram.com/singres.mosaic/,Jakarta,INSERT_NEW,,List,372,1AB11BD57893424EA226135F670197B31B96B861BA05C0C4962AF5BC8D0FBCEE
v0319,Sioline,Sioline,,PT Wiaga Intech Nusantara,https://sioline.com/en,https://www.instagram.com/sioen.membrane.indonesia/,Tangerang,INSERT_NEW,,List,373,1AB11BD57893424EA226135F670197B31B96B861BA05C0C4962AF5BC8D0FBCEE
v0320,Sisu Home,Sisu Home,,,,https://www.instagram.com/sisu.home/,Jakarta,INSERT_NEW,,List,374,1AB11BD57893424EA226135F670197B31B96B861BA05C0C4962AF5BC8D0FBCEE
v0321,Skayu,Skayu,,,https://skayu.co.id,https://www.instagram.com/skayu.international?igsh=MXJnOW5mYmRmc24weA==,Jakarta,INSERT_NEW,,List,375,1AB11BD57893424EA226135F670197B31B96B861BA05C0C4962AF5BC8D0FBCEE
v0322,Skywall,Skywall,,,www.langgeng.id,https://www.instagram.com/skywall_id/?hl=en,Bandung,INSERT_NEW,,List,376,1AB11BD57893424EA226135F670197B31B96B861BA05C0C4962AF5BC8D0FBCEE
v0323,Sol by pdm,Sol by pdm,,PT Perintis Dinamika Multiniaga,https://sol-collection.id/,https://www.instagram.com/solbypdm/%20/,Jakarta,INSERT_NEW,,List,377,1AB11BD57893424EA226135F670197B31B96B861BA05C0C4962AF5BC8D0FBCEE
v0324,Sola Ananda Jaya,Sola Ananda Jaya,,,,https://www.instagram.com/solaanandajaya/?hl=en,Jakarta,INSERT_NEW,,List,378,1AB11BD57893424EA226135F670197B31B96B861BA05C0C4962AF5BC8D0FBCEE
v0325,Somwher,Somwher,,,https://somwher.com/,https://www.instagram.com/bysomwher/?hl=en,Jakarta,INSERT_NEW,,List,474,1AB11BD57893424EA226135F670197B31B96B861BA05C0C4962AF5BC8D0FBCEE
v0326,Sors Furniture,Sors Furniture,,,https://www.sorsfurniture.com/,https://www.instagram.com/sorsfurniture/,Jakarta,INSERT_NEW,,List,379,1AB11BD57893424EA226135F670197B31B96B861BA05C0C4962AF5BC8D0FBCEE
v0327,Soshoku,Soshoku,,,,https://www.instagram.com/soshoku.home/,Jakarta,INSERT_NEW,,List,380,1AB11BD57893424EA226135F670197B31B96B861BA05C0C4962AF5BC8D0FBCEE
v0328,Spasium,Spasium,,,https://spasium.com/,https://www.instagram.com/spasium/?hl=en,Jakarta,INSERT_NEW,,List,475,1AB11BD57893424EA226135F670197B31B96B861BA05C0C4962AF5BC8D0FBCEE
v0329,SPF,SPF,,PT Sumatera Prima Fibreboard,https://www.spf.co.id/,https://www.instagram.com/sumateraprimaf/?hl=en,Jakarta,INSERT_NEW,,List,381,1AB11BD57893424EA226135F670197B31B96B861BA05C0C4962AF5BC8D0FBCEE
v0330,Stark Floor,Stark Floor,Sentrawana Gemilang Indonesia,,https://starkfloor.com/,https://www.instagram.com/sentrawanagemilangindonesia/,"Jakarta, Surabaya",INSERT_NEW,,List,382,1AB11BD57893424EA226135F670197B31B96B861BA05C0C4962AF5BC8D0FBCEE
v0331,Startha Group - Decoedge,Startha Group - Decoedge,,PT Surya Tri Arthayasa,https://startha.co.id/,https://www.instagram.com/startha.official/,Jakarta,INSERT_NEW,,List,383,1AB11BD57893424EA226135F670197B31B96B861BA05C0C4962AF5BC8D0FBCEE
v0332,Startha Group - Decofoil,Startha Group - Decofoil,,PT Surya Tri Arthayasa,https://startha.co.id/,https://www.instagram.com/startha.official/,Jakarta,INSERT_NEW,,List,384,1AB11BD57893424EA226135F670197B31B96B861BA05C0C4962AF5BC8D0FBCEE
v0333,Startha Group - Decopaper,Startha Group - Decopaper,,PT Surya Tri Arthayasa,https://startha.co.id/,https://www.instagram.com/startha.official/,Jakarta,INSERT_NEW,,List,385,1AB11BD57893424EA226135F670197B31B96B861BA05C0C4962AF5BC8D0FBCEE
v0334,Stuccoverni,Stuccoverni,,,https://www.stuccoverni.com/,https://www.instagram.com/stuccoverni/?hl=en,Tangerang,INSERT_NEW,,List,386,1AB11BD57893424EA226135F670197B31B96B861BA05C0C4962AF5BC8D0FBCEE
v0335,Studio Dekor,Studio Dekor,,,,,Jakarta,INSERT_NEW,,List,387,1AB11BD57893424EA226135F670197B31B96B861BA05C0C4962AF5BC8D0FBCEE
v0336,Sufelindo,Sufelindo,,PT Sufelindo Damai Sejahtera,https://sufelindo.com/shop/,https://www.instagram.com/sufelindo,Tangerang,INSERT_NEW,,List,388,1AB11BD57893424EA226135F670197B31B96B861BA05C0C4962AF5BC8D0FBCEE
v0337,Sulla.Home,Sulla.Home,,,https://sullahome.com/,https://www.instagram.com/sulla.home,Jakarta,INSERT_NEW,,List,389,1AB11BD57893424EA226135F670197B31B96B861BA05C0C4962AF5BC8D0FBCEE
v0338,Sumber Jati Furniture,Sumber Jati Furniture,,,,https://www.instagram.com/sumberjatifurniture/?hl=en,Jepara,INSERT_NEW,,List,390,1AB11BD57893424EA226135F670197B31B96B861BA05C0C4962AF5BC8D0FBCEE
v0339,Sunarko,Sunarko,,,,,,INSERT_NEW,,List,391,1AB11BD57893424EA226135F670197B31B96B861BA05C0C4962AF5BC8D0FBCEE
v0340,Sunbeamfabric,Sunbeamfabric,,,https://www.sunbeamfabric.com/index%EF%B9%96page_id=597.html,https://www.instagram.com/sunbeamfabric?igsh=MThzcndiZG5oOGdmag==,Jakarta,INSERT_NEW,,List,392,1AB11BD57893424EA226135F670197B31B96B861BA05C0C4962AF5BC8D0FBCEE
v0341,Surya Pertiwi,Surya Pertiwi,,PT Surya Pertiwi Tbk,https://suryapertiwi.co.id/about/,https://www.instagram.com/suryapertiwi.id/,Jakarta Barat,INSERT_NEW,,List,393,1AB11BD57893424EA226135F670197B31B96B861BA05C0C4962AF5BC8D0FBCEE
v0342,Suzuka Group,Suzuka Group,,,https://www.suzukagroup.id/?gad_source=1&gad_campaignid=19827576424&gbraid=0AAAAADPjfm2QVDV1jiPkjOx66_9D477Ol&gclid=Cj0KCQjw0Y3HBhCxARIsAN7931XD4Vz06S0A4U_qtMLjDUcVTKZfs3iPR2z7k65flwuh6OQ548ENglIaAlN-EALw_wcB,https://www.instagram.com/suzuka.group/,Jakarta,INSERT_NEW,,List,394,1AB11BD57893424EA226135F670197B31B96B861BA05C0C4962AF5BC8D0FBCEE
v0343,Taco,Taco,,,https://taco.co.id/,https://www.instagram.com/taco.id,Jakarta,INSERT_NEW,,List,395,1AB11BD57893424EA226135F670197B31B96B861BA05C0C4962AF5BC8D0FBCEE
v0344,Tanam Lokal,Tanam Lokal,,,,https://www.instagram.com/tanamlokal.id?igsh=MXhpY3d1am1wZXprNg==,Jakarta,INSERT_NEW,,List,396,1AB11BD57893424EA226135F670197B31B96B861BA05C0C4962AF5BC8D0FBCEE
v0345,Technal,Technal,,PT Sola Ananda Jaya,,https://www.instagram.com/technal_gallery?igsh=bGRoYTRkZ2Y4a2Jt,Jakarta,INSERT_NEW,,List,397,1AB11BD57893424EA226135F670197B31B96B861BA05C0C4962AF5BC8D0FBCEE
v0346,Tecnishop,Tecnishop,,,,https://www.instagram.com/tecnishopid/,Jakarta,INSERT_NEW,,List,398;399,1AB11BD57893424EA226135F670197B31B96B861BA05C0C4962AF5BC8D0FBCEE
v0347,Tegel Kayu,Tegel Kayu,,PT Permata Jaya Mandiri,https://tegelkayu.id/,https://www.instagram.com/tegelkayu/?hl=en,Tangerang,INSERT_NEW,,List,400,1AB11BD57893424EA226135F670197B31B96B861BA05C0C4962AF5BC8D0FBCEE
v0348,TEKA Parquet,TEKA Parquet,,PT Tanjung Kreasi Parquet Industry,http://tekaparquet.com/?fbclid=PARlRTSANv5i1leHRuA2FlbQIxMQABp_twTxB6MVxNLKPSHFcnRpCXG9sfdTr-kK7SqngGAWVt507rO8K-AKGbF9Rm_aem_Nl6scVjrmNcV6Le6dCrRsA,https://www.instagram.com/tekaparquet?igsh=MWEyZ3NmMDdrYjB2NA==,Tangerang,INSERT_NEW,,List,401,1AB11BD57893424EA226135F670197B31B96B861BA05C0C4962AF5BC8D0FBCEE
v0349,Tera Kaiyaa,Tera Kaiyaa,,,,https://www.instagram.com/terakaiyaa/?locale=Online%2Bentertainment%2C%2Breal%2Bperson%2C%2Belectronic%2Bchess%2Band%2Bcards%2C%2Blottery%2C%2Bsports%2C%2Bcomprehensive%2Breputation%2B(Telegram%3A%2B%40UUjd888888).vyue&hl=en,Jakarta,INSERT_NEW,,List,402,1AB11BD57893424EA226135F670197B31B96B861BA05C0C4962AF5BC8D0FBCEE
v0350,Terakota Indonesia,Terakota Indonesia,,,,https://www.instagram.com/terakotaindonesia/?hl=en,Jakarta,INSERT_NEW,,List,403,1AB11BD57893424EA226135F670197B31B96B861BA05C0C4962AF5BC8D0FBCEE
v0351,Terraesta,Terraesta,,,https://www.terraesta.com/?fbclid=PAZXh0bgNhZW0CMTEAAaaqDfMNy8JCwqJH40-fRd3DbIbDIqOaD4eQkoNE2F4Y6b_QMz9T6zhShw4_aem_bGRx0_8enlWhyQxGFjxrEg,https://www.instagram.com/terraesta.id/,Bali,INSERT_NEW,,List,404,1AB11BD57893424EA226135F670197B31B96B861BA05C0C4962AF5BC8D0FBCEE
v0352,Textura Pratta Indonesia,Textura Pratta Indonesia,,,https://prattaidtextura.com/,https://www.instagram.com/textura_id?igsh=NnBjYjVlbHgwOHk3,Bali,INSERT_NEW,,List,405,1AB11BD57893424EA226135F670197B31B96B861BA05C0C4962AF5BC8D0FBCEE
v0353,The New Factory,The New Factory,,,https://thenewfactory.co/?utm_source=ig&utm_medium=social&utm_content=link_in_bio&fbclid=PAZXh0bgNhZW0CMTEAc3J0YwZhcHBfaWQMMjU2MjgxMDQwNTU4AAGnlb2D7yPFVVM8tMc98Q9BV2mjPQ7U67tignFrEPMYccIbnmTsS6JMWqMqXu0_aem_-93860zykmJjygduJmcC2w,https://www.instagram.com/thenewfactory.co/,Bandung,INSERT_NEW,,List,406,1AB11BD57893424EA226135F670197B31B96B861BA05C0C4962AF5BC8D0FBCEE
v0354,Thermotech Indonesia,Thermotech Indonesia,,,http://www.thermo.co.id/#Cladding-Insulation,https://www.instagram.com/thermotechindonesia,Jakarta,INSERT_NEW,,List,407,1AB11BD57893424EA226135F670197B31B96B861BA05C0C4962AF5BC8D0FBCEE
v0355,Titanium,Titanium,,PT Surya Multi Cemerlang,https://www.titaniumgranite.com/,https://www.instagram.com/titaniumgranite,Bandung,INSERT_NEW,,List,408,1AB11BD57893424EA226135F670197B31B96B861BA05C0C4962AF5BC8D0FBCEE
v0356,Tmac Decorazzo,Tmac Decorazzo,,,https://www.tmac.co.id/home,https://www.instagram.com/tmacdecorazzo/?hl=en,Jakarta,INSERT_NEW,,List,409,1AB11BD57893424EA226135F670197B31B96B861BA05C0C4962AF5BC8D0FBCEE
v0357,Tostem Indonesia,Tostem Indonesia,LIXIL,,https://www.tostemindonesia.com/id,https://www.instagram.com/tostemindonesia,Jakarta,INSERT_NEW,,List,410,1AB11BD57893424EA226135F670197B31B96B861BA05C0C4962AF5BC8D0FBCEE
v0358,Tridaya Elektrindo,Tridaya Elektrindo,,PT Tridaya Dinamika Elektrindo,https://www.tridaya-elektrindo.com,https://www.instagram.com/tridayaelektrindo/?hl=en,Jakarta,INSERT_NEW,,List,411,1AB11BD57893424EA226135F670197B31B96B861BA05C0C4962AF5BC8D0FBCEE
v0359,Triem Soldi Surface,Triem Soldi Surface,,CV Triem Gunung Mas Sejahtera,https://performnite.com/,https://www.instagram.com/triem.performnite/,Jakarta,INSERT_NEW,,List,412,1AB11BD57893424EA226135F670197B31B96B861BA05C0C4962AF5BC8D0FBCEE
v0360,Trio Jaya Steel,Trio Jaya Steel,,PT Trio Jaya Steel,https://www.tjsteel.co.id,https://www.instagram.com/triojayasteel/?hl=en,Tangerang,INSERT_NEW,,List,413;414,1AB11BD57893424EA226135F670197B31B96B861BA05C0C4962AF5BC8D0FBCEE
v0361,Twin Fittings,Twin Fittings,,,,https://www.instagram.com/twin.fittings/?hl=en,Jakarta,INSERT_NEW,,List,415,1AB11BD57893424EA226135F670197B31B96B861BA05C0C4962AF5BC8D0FBCEE
v0362,Ubin Kayu,Ubin Kayu,,,https://ubinkayu.com/inspirasi/,https://www.instagram.com/ubinkayu/?hl=en,"Tangerang, Bali, Surabaya",INSERT_NEW,,List,416;417;418,1AB11BD57893424EA226135F670197B31B96B861BA05C0C4962AF5BC8D0FBCEE
v0363,UNO Office,UNO Office,,PT Mitra Teknik Sukses,https://www.unooffice.co.id/index.html,https://www.instagram.com/unooffice.id?igsh=eTcybmdzeDFzNWQ2,Jakarta,INSERT_NEW,,List,419,1AB11BD57893424EA226135F670197B31B96B861BA05C0C4962AF5BC8D0FBCEE
v0364,UNV,UNV,,,,,,INSERT_NEW,,List,420,1AB11BD57893424EA226135F670197B31B96B861BA05C0C4962AF5BC8D0FBCEE
v0365,Up Space,Up Space,,,https://upspace.id/,https://www.instagram.com/upspace.id,Jakarta,INSERT_NEW,,List,421,1AB11BD57893424EA226135F670197B31B96B861BA05C0C4962AF5BC8D0FBCEE
v0366,Vacolux,Vacolux,,,https://vacoluxlighting.id/katalog.php,https://www.instagram.com/vacolux_lighting/,Jakarta,INSERT_NEW,,List,464,1AB11BD57893424EA226135F670197B31B96B861BA05C0C4962AF5BC8D0FBCEE
v0367,VAGG,VAGG,,,,https://www.instagram.com/vagg.id/?hl=en,Jakarta,INSERT_NEW,,List,422,1AB11BD57893424EA226135F670197B31B96B861BA05C0C4962AF5BC8D0FBCEE
v0368,Varnesse,Varnesse,,PT Sinco Kencana Fiber,https://varnesse.id/?fbclid=PARlRTSANtgIZleHRuA2FlbQIxMQABp4c20mg-YjmmsDO9KFpn1RWJAR_aV4l5ZC7zekDAcDivFnefsamFMHBFAKMv_aem_JVTtwaZ2ldcAy2b9vEUKGQ,https://www.instagram.com/varnesse.id/?hl=en,Tangerang,INSERT_NEW,,List,423,1AB11BD57893424EA226135F670197B31B96B861BA05C0C4962AF5BC8D0FBCEE
v0369,Venus,Venus,,PT Venus Ceramica International,https://venus-tiles.com/,https://www.instagram.com/venustiles/,Tangerang,INSERT_NEW,,List,424;425;426;427;428,1AB11BD57893424EA226135F670197B31B96B861BA05C0C4962AF5BC8D0FBCEE
v0370,Venus Tiles Bandung,Venus Tiles Bandung,,,,https://www.instagram.com/venustilesbandung/?hl=en,Bandung,INSERT_NEW,,List,429,1AB11BD57893424EA226135F670197B31B96B861BA05C0C4962AF5BC8D0FBCEE
v0371,Verona Marble,Verona Marble,,,,https://www.instagram.com/verona.marble/,Jakarta,INSERT_NEW,,List,430,1AB11BD57893424EA226135F670197B31B96B861BA05C0C4962AF5BC8D0FBCEE
v0372,Victory Eurofit Systems,Victory Eurofit Systems,,PT Victory Eurofit Systems,https://victoryaluminium.com/,https://www.instagram.com/victoryeurofitsystems/,Jakarta,INSERT_NEW,,List,431,1AB11BD57893424EA226135F670197B31B96B861BA05C0C4962AF5BC8D0FBCEE
v0373,Viostone,Viostone,,,,https://www.instagram.com/viostoneid/?hl=en,Jakarta,INSERT_NEW,,List,432;433,1AB11BD57893424EA226135F670197B31B96B861BA05C0C4962AF5BC8D0FBCEE
v0374,Vivano Living,Vivano Living,,,,https://www.instagram.com/vivano.living/,Jakarta,INSERT_NEW,,List,434,1AB11BD57893424EA226135F670197B31B96B861BA05C0C4962AF5BC8D0FBCEE
v0375,Vivere,Vivere,,,https://www.vivere.co.id/,https://www.instagram.com/viveregroup/,Tangerang,INSERT_NEW,,List,435,1AB11BD57893424EA226135F670197B31B96B861BA05C0C4962AF5BC8D0FBCEE
v0376,Vivere - Idemu,Vivere - Idemu,,,https://www.idemu.com,https://www.instagram.com/idemu.idn/,Tangerang,INSERT_NEW,,List,436,1AB11BD57893424EA226135F670197B31B96B861BA05C0C4962AF5BC8D0FBCEE
v0377,Viveria Gallery,Viveria Gallery,,,https://www.viveriagallery.com/showroom.php,https://www.instagram.com/viveria.gallery/,Jakarta,INSERT_NEW,,List,437,1AB11BD57893424EA226135F670197B31B96B861BA05C0C4962AF5BC8D0FBCEE
v0378,VQ Stone,VQ Stone,,,,https://www.instagram.com/vqstone/,,INSERT_NEW,,List,438,1AB11BD57893424EA226135F670197B31B96B861BA05C0C4962AF5BC8D0FBCEE
v0379,VR Space,VR Space,,,,https://www.instagram.com/vrspace.id/?locale=es_US&img_index=1,Jakarta,INSERT_NEW,,List,439;440;441;442;443;444;445;446;447;448,1AB11BD57893424EA226135F670197B31B96B861BA05C0C4962AF5BC8D0FBCEE
v0380,W Tiles,W Tiles,,,,https://www.instagram.com/w____tiles/?hl=en,Indonesia,INSERT_NEW,,List,449,1AB11BD57893424EA226135F670197B31B96B861BA05C0C4962AF5BC8D0FBCEE
v0381,Wallform,Wallform,,,,https://www.instagram.com/wallform.id/?hl=en,Jakarta,INSERT_NEW,,List,450,1AB11BD57893424EA226135F670197B31B96B861BA05C0C4962AF5BC8D0FBCEE
v0382,Walpix,Walpix,,,https://www.walpix.co.id/,https://www.instagram.com/walpix.id/,Jakarta,INSERT_NEW,,List,451,1AB11BD57893424EA226135F670197B31B96B861BA05C0C4962AF5BC8D0FBCEE
v0383,Wamstone,Wamstone,,,,https://www.instagram.com/wamstone/,Jakarta,INSERT_NEW,,List,452,1AB11BD57893424EA226135F670197B31B96B861BA05C0C4962AF5BC8D0FBCEE
v0384,Wellgress Tiles,Wellgress Tiles,,,,https://www.instagram.com/reel/Cy0aB2_PiGT/,Jakarta,INSERT_NEW,,List,453,1AB11BD57893424EA226135F670197B31B96B861BA05C0C4962AF5BC8D0FBCEE
v0385,Wika WH,Wika WH,,,,https://www.instagram.com/wikawaterheater.id,Jakarta,INSERT_NEW,,List,454,1AB11BD57893424EA226135F670197B31B96B861BA05C0C4962AF5BC8D0FBCEE
v0386,Winston Ok,Winston Ok,,,https://www.tokopedia.com/winston-sa,https://www.instagram.com/winston_suksesabadi,Jakarta,INSERT_NEW,,List,455,1AB11BD57893424EA226135F670197B31B96B861BA05C0C4962AF5BC8D0FBCEE
v0387,Wisanaka,Wisanaka,,,https://www.wisanka.com/,https://www.instagram.com/wisankaofficial/?hl=en,Klaten,INSERT_NEW,,List,456,1AB11BD57893424EA226135F670197B31B96B861BA05C0C4962AF5BC8D0FBCEE
v0388,Wisma Sehati,Wisma Sehati,,,https://wismasehati.com/,https://www.instagram.com/wismasehati/?hl=en,Jakarta,INSERT_NEW,,List,476,1AB11BD57893424EA226135F670197B31B96B861BA05C0C4962AF5BC8D0FBCEE
v0389,Wood Concept,Wood Concept,,,https://www.flooringkayu.com/index.php,https://www.instagram.com/christwood/,Jakarta,INSERT_NEW,,List,457,1AB11BD57893424EA226135F670197B31B96B861BA05C0C4962AF5BC8D0FBCEE
v0390,Woodpecker,Woodpecker,,,https://woodpeckerdesignstudio.com/,https://www.instagram.com/woodpeckerstudio/?hl=en,Jakarta,INSERT_NEW,,List,458,1AB11BD57893424EA226135F670197B31B96B861BA05C0C4962AF5BC8D0FBCEE
v0391,WPC Wood Indonesia,WPC Wood Indonesia,,,https://wpcwoodindonesia.com/,https://www.instagram.com/wpcwood?igsh=eW56MGkyNjZ6N3F4,Jakarta,INSERT_NEW,,List,459,1AB11BD57893424EA226135F670197B31B96B861BA05C0C4962AF5BC8D0FBCEE
v0392,Xingfa,Xingfa,,PT Xingfa Aluminium Indonesia,https://www.xingfaindonesia.com,https://www.instagram.com/xingfaaluminiumindonesia/?hl=en,Tangerang,INSERT_NEW,,List,460,1AB11BD57893424EA226135F670197B31B96B861BA05C0C4962AF5BC8D0FBCEE
v0393,Xpose Indonesia,Xpose Indonesia,,,,https://www.instagram.com/xpose.indonesia/?hl=en,Jakarta,INSERT_NEW,,List,461,1AB11BD57893424EA226135F670197B31B96B861BA05C0C4962AF5BC8D0FBCEE
v0394,YKK AP Indonesia,YKK AP Indonesia,,PT YKK AP Indonesia,https://www.ykkap.co.id/?fbclid=PARlRTSANvysRleHRuA2FlbQIxMQABp5f4_BzQCpAvuvukF1YrXwchmgHq_HyMJwkxKqMqyBIfJw0Wm_9KvlF89RNM_aem_PvcL0MOPh7S2hpMKO6A9ew,https://www.instagram.com/ykkapi_official/?hl=en,Tangerang,INSERT_NEW,,List,462,1AB11BD57893424EA226135F670197B31B96B861BA05C0C4962AF5BC8D0FBCEE
v0395,Zimmer,Zimmer,,,https://taplink.cc/zimmer.id?fbclid=PAZXh0bgNhZW0CMTEAAaa-mrPuD6IOJgXPJZMNGqS4dCk_K7aYe0Mz7bXsPckxT51vmUd4BoYXryo_aem_kDxdZavJx0KX_pjVLXHJ5g,https://www.instagram.com/zimmer.id/?hl=en,Tangerang,INSERT_NEW,,List,463,1AB11BD57893424EA226135F670197B31B96B861BA05C0C4962AF5BC8D0FBCEE
