source_sheet,source_row,source_number,category_raw,brand_raw,type_raw,motif_raw,rack_number,box_number,status,current_borrower_name,notes,source_checksum
Sheet1,4,1,Tile,Artile,Cosmo,spring,1,1,AVAILABLE,,,1AB11BD57893424EA226135F670197B31B96B861BA05C0C4962AF5BC8D0FBCEE
Sheet1,5,2,Tile,Artile,Terrain,Montana,1,1,AVAILABLE,,,1AB11BD57893424EA226135F670197B31B96B861BA05C0C4962AF5BC8D0FBCEE
Sheet1,6,3,Tile,Artile,Cosmo,Summer,1,1,AVAILABLE,,,1AB11BD57893424EA226135F670197B31B96B861BA05C0C4962AF5BC8D0FBCEE
Sheet1,7,4,Tile,Artile,Terrain,Gravel,1,1,AVAILABLE,,,1AB11BD57893424EA226135F670197B31B96B861BA05C0C4962AF5BC8D0FBCEE
Sheet1,8,5,Tile,Artile,Cosmo,Winter,1,1,AVAILABLE,,,1AB11BD57893424EA226135F670197B31B96B861BA05C0C4962AF5BC8D0FBCEE
Sheet1,9,6,Tile,Artile,Cosmo,Blossom,1,1,AVAILABLE,,,1AB11BD57893424EA226135F670197B31B96B861BA05C0C4962AF5BC8D0FBCEE
Sheet1,10,7,Tile,Artile,Forte,Colori,1,1,AVAILABLE,,,1AB11BD57893424EA226135F670197B31B96B861BA05C0C4962AF5BC8D0FBCEE
Sheet1,11,8,Tile,Artile,Terrain,Brezza,1,1,AVAILABLE,,,1AB11BD57893424EA226135F670197B31B96B861BA05C0C4962AF5BC8D0FBCEE
Sheet1,12,9,Tile,Artile,Forte,Dusk,1,1,AVAILABLE,,,1AB11BD57893424EA226135F670197B31B96B861BA05C0C4962AF5BC8D0FBCEE
Sheet1,13,10,Tile,Artile,Sanctuary,Sanctum,1,1,AVAILABLE,,,1AB11BD57893424EA226135F670197B31B96B861BA05C0C4962AF5BC8D0FBCEE
Sheet1,14,11,Tile,Artile,Sanctuary,Haven,1,1,AVAILABLE,,,1AB11BD57893424EA226135F670197B31B96B861BA05C0C4962AF5BC8D0FBCEE
Sheet1,15,12,Tile,Artile,Sanctuary,Gain,1,1,AVAILABLE,,,1AB11BD57893424EA226135F670197B31B96B861BA05C0C4962AF5BC8D0FBCEE
Sheet1,16,13,Tile,Artile,Maison,White Birch Wood,1,1,AVAILABLE,,,1AB11BD57893424EA226135F670197B31B96B861BA05C0C4962AF5BC8D0FBCEE
Sheet1,17,14,Tile,Artile,Sanctuary,Space,1,1,AVAILABLE,,,1AB11BD57893424EA226135F670197B31B96B861BA05C0C4962AF5BC8D0FBCEE
Sheet1,18,15,Tile,Artile,Forte,Dawn,1,1,AVAILABLE,,,1AB11BD57893424EA226135F670197B31B96B861BA05C0C4962AF5BC8D0FBCEE
Sheet1,19,16,Tile,Artile,Maison,Brown Pine wood,1,1,AVAILABLE,,,1AB11BD57893424EA226135F670197B31B96B861BA05C0C4962AF5BC8D0FBCEE
Sheet1,20,17,Tile,Artile,Outback,Wombat,1,1,AVAILABLE,,,1AB11BD57893424EA226135F670197B31B96B861BA05C0C4962AF5BC8D0FBCEE
Sheet1,21,18,Tile,Artile,Outback,Brumby,1,1,AVAILABLE,,,1AB11BD57893424EA226135F670197B31B96B861BA05C0C4962AF5BC8D0FBCEE
Sheet1,22,19,Tile,Artile,Outback,Wallaby,1,1,AVAILABLE,,,1AB11BD57893424EA226135F670197B31B96B861BA05C0C4962AF5BC8D0FBCEE
Sheet1,23,20,Tile,Artile,Outback,Dingo,1,1,AVAILABLE,,,1AB11BD57893424EA226135F670197B31B96B861BA05C0C4962AF5BC8D0FBCEE
Sheet1,24,21,Tile,Salsa,Oasis,Pearl white,1,1,AVAILABLE,,,1AB11BD57893424EA226135F670197B31B96B861BA05C0C4962AF5BC8D0FBCEE
Sheet1,25,22,Tile,Salsa,Crystal,Pearl white,1,1,AVAILABLE,,,1AB11BD57893424EA226135F670197B31B96B861BA05C0C4962AF5BC8D0FBCEE
Sheet1,26,23,Tile,Artile,Maison,Natural oak wood,1,1,AVAILABLE,,,1AB11BD57893424EA226135F670197B31B96B861BA05C0C4962AF5BC8D0FBCEE
Sheet1,27,24,Tile,Artile,Sanctuary,Nebula,1,1,AVAILABLE,,,1AB11BD57893424EA226135F670197B31B96B861BA05C0C4962AF5BC8D0FBCEE
Sheet1,28,25,Tile,Artile,Sanctuary,Gaia,1,1,AVAILABLE,,,1AB11BD57893424EA226135F670197B31B96B861BA05C0C4962AF5BC8D0FBCEE
Sheet1,29,26,Tile,Artile,Sanctuary,Space,1,1,AVAILABLE,,,1AB11BD57893424EA226135F670197B31B96B861BA05C0C4962AF5BC8D0FBCEE
Sheet1,30,27,Tile,Artile,Sanctuary,Stella,1,1,AVAILABLE,,,1AB11BD57893424EA226135F670197B31B96B861BA05C0C4962AF5BC8D0FBCEE
Sheet1,31,28,Tile,Artile,Sanctuary,Haven,1,1,AVAILABLE,,,1AB11BD57893424EA226135F670197B31B96B861BA05C0C4962AF5BC8D0FBCEE
Sheet1,32,29,Tile,Artile,Sanctuary,Sanctum,1,1,AVAILABLE,,,1AB11BD57893424EA226135F670197B31B96B861BA05C0C4962AF5BC8D0FBCEE
Sheet1,33,30,Tile,Artile,Sanctuary,Nebula,1,1,AVAILABLE,,,1AB11BD57893424EA226135F670197B31B96B861BA05C0C4962AF5BC8D0FBCEE
Sheet1,34,31,Tile,Artile,Forte,Vivo,1,1,AVAILABLE,,,1AB11BD57893424EA226135F670197B31B96B861BA05C0C4962AF5BC8D0FBCEE
Sheet1,35,32,Tile,Artile,Terrain,Brezza,1,1,AVAILABLE,,,1AB11BD57893424EA226135F670197B31B96B861BA05C0C4962AF5BC8D0FBCEE
Sheet1,36,,Tile,Mozza tile,Glossy,pink,1,1,AVAILABLE,,,1AB11BD57893424EA226135F670197B31B96B861BA05C0C4962AF5BC8D0FBCEE
Sheet1,37,,Tile,Mozza tile,Celine peach,,1,1,AVAILABLE,,,1AB11BD57893424EA226135F670197B31B96B861BA05C0C4962AF5BC8D0FBCEE
Sheet1,38,,Tile,,21S553,,1,1,AVAILABLE,,,1AB11BD57893424EA226135F670197B31B96B861BA05C0C4962AF5BC8D0FBCEE
Sheet1,39,,Tile,,18S530,,1,1,AVAILABLE,,,1AB11BD57893424EA226135F670197B31B96B861BA05C0C4962AF5BC8D0FBCEE
Sheet1,40,,Tile,Venus,Takko Sqaure white matte,,1,1,AVAILABLE,,,1AB11BD57893424EA226135F670197B31B96B861BA05C0C4962AF5BC8D0FBCEE
Sheet1,41,49,Tile,Wisma sehati,Cement,Grey Matt,1,1,AVAILABLE,,,1AB11BD57893424EA226135F670197B31B96B861BA05C0C4962AF5BC8D0FBCEE
Sheet1,42,,Tile,Wisma sehati,Cement,dark Grey Matt,1,1,AVAILABLE,,,1AB11BD57893424EA226135F670197B31B96B861BA05C0C4962AF5BC8D0FBCEE
Sheet1,43,,Tile,Wisma sehati,Cement,Light grey matt,1,1,AVAILABLE,,,1AB11BD57893424EA226135F670197B31B96B861BA05C0C4962AF5BC8D0FBCEE
Sheet1,44,,Tile,Wisma sehati,Terazzo,White,1,1,AVAILABLE,,,1AB11BD57893424EA226135F670197B31B96B861BA05C0C4962AF5BC8D0FBCEE
Sheet1,45,,Tile,Wisma sehati,ZH 6497 Gravity,Light grey,1,1,AVAILABLE,,,1AB11BD57893424EA226135F670197B31B96B861BA05C0C4962AF5BC8D0FBCEE
Sheet1,46,,Tile,Niro granite,GNL 01 MP,,1,1,AVAILABLE,,,1AB11BD57893424EA226135F670197B31B96B861BA05C0C4962AF5BC8D0FBCEE
Sheet1,47,,Tile,Roman granit,GT 602153R,Darlington taupe,1,1,AVAILABLE,,,1AB11BD57893424EA226135F670197B31B96B861BA05C0C4962AF5BC8D0FBCEE
Sheet1,48,,Tile,Roman,G330504,,1,1,AVAILABLE,,,1AB11BD57893424EA226135F670197B31B96B861BA05C0C4962AF5BC8D0FBCEE
Sheet1,49,,Tile,Wisma sehati,Antique Stone,Dark Grey GL Matt,1,1,AVAILABLE,,,1AB11BD57893424EA226135F670197B31B96B861BA05C0C4962AF5BC8D0FBCEE
Sheet1,50,33,Tile,Elegenza,Tovino Grigio,-,1,2,AVAILABLE,,,1AB11BD57893424EA226135F670197B31B96B861BA05C0C4962AF5BC8D0FBCEE
Sheet1,51,34,Tile,Elegenza,Carara Moderne,White,1,2,AVAILABLE,,,1AB11BD57893424EA226135F670197B31B96B861BA05C0C4962AF5BC8D0FBCEE
Sheet1,52,35,Tile,Elegenza,Terazo,Beige,1,2,AVAILABLE,,,1AB11BD57893424EA226135F670197B31B96B861BA05C0C4962AF5BC8D0FBCEE
Sheet1,53,36,Tile,Titanium,Terrazzo Nova,White,1,2,AVAILABLE,,,1AB11BD57893424EA226135F670197B31B96B861BA05C0C4962AF5BC8D0FBCEE
Sheet1,54,37,Tile,Titanium,Terrazzo Milano,Grey,1,2,AVAILABLE,,,1AB11BD57893424EA226135F670197B31B96B861BA05C0C4962AF5BC8D0FBCEE
Sheet1,55,38,Tile,Titanium,Terrazzo Cement,White,1,2,AVAILABLE,,,1AB11BD57893424EA226135F670197B31B96B861BA05C0C4962AF5BC8D0FBCEE
Sheet1,56,39,Tile,Titanium,Terrazzo Silkstone,White,1,2,AVAILABLE,,,1AB11BD57893424EA226135F670197B31B96B861BA05C0C4962AF5BC8D0FBCEE
Sheet1,57,40,Tile,Titanium,Terrazzo Trento,Greige,1,2,AVAILABLE,,,1AB11BD57893424EA226135F670197B31B96B861BA05C0C4962AF5BC8D0FBCEE
Sheet1,58,41,Tile,Titanium,Terrazzo Portland,Grey,1,2,AVAILABLE,,,1AB11BD57893424EA226135F670197B31B96B861BA05C0C4962AF5BC8D0FBCEE
Sheet1,59,42,Tile,Titanium,Terrazzo Pompei,White,1,2,AVAILABLE,,,1AB11BD57893424EA226135F670197B31B96B861BA05C0C4962AF5BC8D0FBCEE
Sheet1,60,43,Tile,Infiniti,Terrazzo Venice,White Matt,1,2,AVAILABLE,,,1AB11BD57893424EA226135F670197B31B96B861BA05C0C4962AF5BC8D0FBCEE
Sheet1,61,44,Tile,Infiniti,Terrazzo Venice,Brown Matt,1,2,AVAILABLE,,,1AB11BD57893424EA226135F670197B31B96B861BA05C0C4962AF5BC8D0FBCEE
Sheet1,62,45,Tile,Infiniti,Costa,Grey Matt,1,2,AVAILABLE,,,1AB11BD57893424EA226135F670197B31B96B861BA05C0C4962AF5BC8D0FBCEE
Sheet1,63,46,Tile,Infiniti,Galileo,Grey Matt,1,2,AVAILABLE,,,1AB11BD57893424EA226135F670197B31B96B861BA05C0C4962AF5BC8D0FBCEE
Sheet1,64,47,Tile,Infiniti,Meteor,Grey Matt,1,2,AVAILABLE,,,1AB11BD57893424EA226135F670197B31B96B861BA05C0C4962AF5BC8D0FBCEE
Sheet1,65,48,Tile,Infiniti,Cemento,White Matt,1,2,AVAILABLE,,,1AB11BD57893424EA226135F670197B31B96B861BA05C0C4962AF5BC8D0FBCEE
Sheet1,66,49,Tile,Infiniti,Cemento,Grey Matt,1,2,AVAILABLE,,,1AB11BD57893424EA226135F670197B31B96B861BA05C0C4962AF5BC8D0FBCEE
Sheet1,67,50,Tile,Infiniti,Cemento,Cream Matt,1,2,BORROWED,berkah,,1AB11BD57893424EA226135F670197B31B96B861BA05C0C4962AF5BC8D0FBCEE
Sheet1,68,51,Tile,Infiniti,Terrazzo Venice D.,Grey Matt,1,2,AVAILABLE,,,1AB11BD57893424EA226135F670197B31B96B861BA05C0C4962AF5BC8D0FBCEE
Sheet1,69,52,Tile,Infiniti,Terrazzo Venice,Grey Matt,1,2,AVAILABLE,,,1AB11BD57893424EA226135F670197B31B96B861BA05C0C4962AF5BC8D0FBCEE
Sheet1,70,53,Tile,Roman,GT602151R,,1,3,AVAILABLE,,,1AB11BD57893424EA226135F670197B31B96B861BA05C0C4962AF5BC8D0FBCEE
Sheet1,71,54,Tile,Roman,GT602138R,,1,3,AVAILABLE,,,1AB11BD57893424EA226135F670197B31B96B861BA05C0C4962AF5BC8D0FBCEE
Sheet1,72,55,Tile,Roman,G220501 Venere dust,,1,3,AVAILABLE,,,1AB11BD57893424EA226135F670197B31B96B861BA05C0C4962AF5BC8D0FBCEE
Sheet1,73,56,Tile,Roman,GT602153R,,1,3,AVAILABLE,,,1AB11BD57893424EA226135F670197B31B96B861BA05C0C4962AF5BC8D0FBCEE
Sheet1,74,57,Tile,Roman,G224001 Sandstone Bone,,1,3,AVAILABLE,,,1AB11BD57893424EA226135F670197B31B96B861BA05C0C4962AF5BC8D0FBCEE
Sheet1,75,58,Tile,Roman,GT602154R DMarseille Bone,,1,3,AVAILABLE,,,1AB11BD57893424EA226135F670197B31B96B861BA05C0C4962AF5BC8D0FBCEE
Sheet1,76,59,Tile,Roman,G330800 dLastrico Ash,,1,3,AVAILABLE,,,1AB11BD57893424EA226135F670197B31B96B861BA05C0C4962AF5BC8D0FBCEE
Sheet1,77,60,Tile,Roman,GT602600R dTerazzo Bone,,1,3,AVAILABLE,,,1AB11BD57893424EA226135F670197B31B96B861BA05C0C4962AF5BC8D0FBCEE
Sheet1,78,61,Tile,Roman,GT602157R dMarseille Coffee,,1,3,AVAILABLE,,,1AB11BD57893424EA226135F670197B31B96B861BA05C0C4962AF5BC8D0FBCEE
Sheet1,79,62,Tile,Roman,GT602155R dMarseille Beige,,1,3,AVAILABLE,,,1AB11BD57893424EA226135F670197B31B96B861BA05C0C4962AF5BC8D0FBCEE
Sheet1,80,63,Tile,Roman,G330801 dLastrico Grey,,1,3,AVAILABLE,,,1AB11BD57893424EA226135F670197B31B96B861BA05C0C4962AF5BC8D0FBCEE
Sheet1,81,64,Tile,Roman,GT602156R dMarseille Grey,,1,3,AVAILABLE,,,1AB11BD57893424EA226135F670197B31B96B861BA05C0C4962AF5BC8D0FBCEE
Sheet1,82,65,Tile,Roman,GT602023R dBali Beige,,1,3,BORROWED,berkah,,1AB11BD57893424EA226135F670197B31B96B861BA05C0C4962AF5BC8D0FBCEE
Sheet1,83,66,Tile,Roman,GT602602R dTerazzo Charcoal,,1,3,AVAILABLE,,,1AB11BD57893424EA226135F670197B31B96B861BA05C0C4962AF5BC8D0FBCEE
Sheet1,84,67,Tile,Roman,GT1262003R dConcreto Grigio,,1,3,AVAILABLE,,,1AB11BD57893424EA226135F670197B31B96B861BA05C0C4962AF5BC8D0FBCEE
Sheet1,85,68,Tile,Roman,GT912237R,Mahony pine,1,3,BORROWED,berkah,,1AB11BD57893424EA226135F670197B31B96B861BA05C0C4962AF5BC8D0FBCEE
Sheet1,86,69,Tile,Roman,GT912238R,Mahony rosato,1,3,AVAILABLE,,,1AB11BD57893424EA226135F670197B31B96B861BA05C0C4962AF5BC8D0FBCEE
Sheet1,87,82,Tile,Niro,GCA05,,1,4,BORROWED,Berkah,Di ambil mas ber,1AB11BD57893424EA226135F670197B31B96B861BA05C0C4962AF5BC8D0FBCEE
Sheet1,88,71,Tile,Venus,Marble Sand ivory,,1,4,AVAILABLE,,,1AB11BD57893424EA226135F670197B31B96B861BA05C0C4962AF5BC8D0FBCEE
Sheet1,89,72,Tile,DPhaus,Beton Grigio,,1,4,AVAILABLE,,,1AB11BD57893424EA226135F670197B31B96B861BA05C0C4962AF5BC8D0FBCEE
Sheet1,90,73,Tile,DPhaus,Florence,,1,4,AVAILABLE,,,1AB11BD57893424EA226135F670197B31B96B861BA05C0C4962AF5BC8D0FBCEE
Sheet1,91,74,Tile,DPhaus,Engineering Stone W,,1,4,AVAILABLE,,,1AB11BD57893424EA226135F670197B31B96B861BA05C0C4962AF5BC8D0FBCEE
Sheet1,92,75,Tile,DPhaus,Terrazzo Nero,,1,4,AVAILABLE,,,1AB11BD57893424EA226135F670197B31B96B861BA05C0C4962AF5BC8D0FBCEE
Sheet1,93,76,Tile,Venus,FS0013mc,,1,4,AVAILABLE,,,1AB11BD57893424EA226135F670197B31B96B861BA05C0C4962AF5BC8D0FBCEE
Sheet1,94,77,Tile,Venus,WSSZ009M,,1,4,AVAILABLE,,,1AB11BD57893424EA226135F670197B31B96B861BA05C0C4962AF5BC8D0FBCEE
Sheet1,95,78,Tile,Venus,YS60303,,1,4,AVAILABLE,,,1AB11BD57893424EA226135F670197B31B96B861BA05C0C4962AF5BC8D0FBCEE
Sheet1,96,79,Tile,Venus,YS60231,,1,4,AVAILABLE,,,1AB11BD57893424EA226135F670197B31B96B861BA05C0C4962AF5BC8D0FBCEE
Sheet1,97,80,Tile,Venus,YS60232,,1,4,AVAILABLE,,,1AB11BD57893424EA226135F670197B31B96B861BA05C0C4962AF5BC8D0FBCEE
Sheet1,98,81,Tile,Venus,ICC upstone cloud,,1,4,AVAILABLE,,,1AB11BD57893424EA226135F670197B31B96B861BA05C0C4962AF5BC8D0FBCEE
Sheet1,99,83,Tile,Dphaus,Terrazo blue chip,,1,4,AVAILABLE,,,1AB11BD57893424EA226135F670197B31B96B861BA05C0C4962AF5BC8D0FBCEE
Sheet1,100,70,Tile,Niro Granite,GTG06 Arini,,1,4,AVAILABLE,,,1AB11BD57893424EA226135F670197B31B96B861BA05C0C4962AF5BC8D0FBCEE
Sheet1,101,84,Tile,Wisma sehati,HY-HG60069,,1,5,AVAILABLE,,,1AB11BD57893424EA226135F670197B31B96B861BA05C0C4962AF5BC8D0FBCEE
Sheet1,102,85,Tile,Wisma sehati,HY-HG60064,,1,5,AVAILABLE,,,1AB11BD57893424EA226135F670197B31B96B861BA05C0C4962AF5BC8D0FBCEE
Sheet1,103,86,Tile,Wisma sehati,Elora sand stone,beige,1,5,AVAILABLE,,,1AB11BD57893424EA226135F670197B31B96B861BA05C0C4962AF5BC8D0FBCEE
Sheet1,104,87,Tile,Wisma sehati,Elora RC36802 cement,grey,1,5,AVAILABLE,,,1AB11BD57893424EA226135F670197B31B96B861BA05C0C4962AF5BC8D0FBCEE
Sheet1,105,88,Tile,Wisma sehati,Elora K32303 terazo,White,1,5,AVAILABLE,,,1AB11BD57893424EA226135F670197B31B96B861BA05C0C4962AF5BC8D0FBCEE
Sheet1,106,89,Tile,Wisma sehati,Elora RC36803 cement,Dark grey,1,5,AVAILABLE,,,1AB11BD57893424EA226135F670197B31B96B861BA05C0C4962AF5BC8D0FBCEE
Sheet1,107,90,Tile,Wisma sehati,Allia Antique Stone,Light Grey,1,5,AVAILABLE,,,1AB11BD57893424EA226135F670197B31B96B861BA05C0C4962AF5BC8D0FBCEE
Sheet1,108,92,Tile,Wisma sehati,Allia mz120lismore,Light grey,1,5,AVAILABLE,,,1AB11BD57893424EA226135F670197B31B96B861BA05C0C4962AF5BC8D0FBCEE
Sheet1,109,93,Tile,Wisma sehati,Elora Sand stone,Black,1,5,AVAILABLE,,,1AB11BD57893424EA226135F670197B31B96B861BA05C0C4962AF5BC8D0FBCEE
Sheet1,110,94,Tile,Wisma sehati,Elora sand stone,Grey,1,5,AVAILABLE,,,1AB11BD57893424EA226135F670197B31B96B861BA05C0C4962AF5BC8D0FBCEE
Sheet1,111,95,Tile,Wisma sehati,Rocky,Beige,1,5,AVAILABLE,,,1AB11BD57893424EA226135F670197B31B96B861BA05C0C4962AF5BC8D0FBCEE
Sheet1,112,96,Tile,Wisma sehati,Galaxy,Dark grey,1,5,AVAILABLE,,,1AB11BD57893424EA226135F670197B31B96B861BA05C0C4962AF5BC8D0FBCEE
Sheet1,113,97,Tile,Wisma sehati,lava,Grey matt,1,5,AVAILABLE,,,1AB11BD57893424EA226135F670197B31B96B861BA05C0C4962AF5BC8D0FBCEE
Sheet1,114,98,Tile,Wisma sehati,Turkish sand stone,Dark grey,1,5,AVAILABLE,,,1AB11BD57893424EA226135F670197B31B96B861BA05C0C4962AF5BC8D0FBCEE
Sheet1,115,99,Tile,Wisma sehati,Burlington,Black matt,1,5,AVAILABLE,,,1AB11BD57893424EA226135F670197B31B96B861BA05C0C4962AF5BC8D0FBCEE
Sheet1,116,100,Tile,Wisma sehati,Elora RC 36862,,1,5,AVAILABLE,,,1AB11BD57893424EA226135F670197B31B96B861BA05C0C4962AF5BC8D0FBCEE
Sheet1,117,101,Tile,Wisma sehati,Kiel,Beige,1,5,AVAILABLE,,,1AB11BD57893424EA226135F670197B31B96B861BA05C0C4962AF5BC8D0FBCEE
Sheet1,118,102,Tile,Wisma sehati,Soho Ash 6003,,1,5,AVAILABLE,,,1AB11BD57893424EA226135F670197B31B96B861BA05C0C4962AF5BC8D0FBCEE
Sheet1,119,103,Tile,Wisma sehati,Galaxy,Dark grey,1,5,AVAILABLE,,,1AB11BD57893424EA226135F670197B31B96B861BA05C0C4962AF5BC8D0FBCEE
Sheet1,120,104,Tile,Wisma sehati,Allia MCP zh6497 Gravity,Light grey,1,5,AVAILABLE,,,1AB11BD57893424EA226135F670197B31B96B861BA05C0C4962AF5BC8D0FBCEE
Sheet1,121,105,Tile,Wisma sehati,Opus almond,,1,5,AVAILABLE,,,1AB11BD57893424EA226135F670197B31B96B861BA05C0C4962AF5BC8D0FBCEE
Sheet1,122,106,Tile,Wisma sehati,Elora K32303A terazo,Grey,1,5,AVAILABLE,,,1AB11BD57893424EA226135F670197B31B96B861BA05C0C4962AF5BC8D0FBCEE
Sheet1,123,107,Tile,Wisma sehati,Elora gravel stone,Beige,1,5,AVAILABLE,,,1AB11BD57893424EA226135F670197B31B96B861BA05C0C4962AF5BC8D0FBCEE
Sheet1,124,108,Tile,Wisma sehati,Opus ash GJWOTASN01P,,1,5,AVAILABLE,,,1AB11BD57893424EA226135F670197B31B96B861BA05C0C4962AF5BC8D0FBCEE
Sheet1,125,109,Tile,Wisma sehati,Allia Q9906D,,1,5,AVAILABLE,,,1AB11BD57893424EA226135F670197B31B96B861BA05C0C4962AF5BC8D0FBCEE
Sheet1,126,110,Tile,Wisma sehati,Elora Gravel stone,Beige,1,5,AVAILABLE,,,1AB11BD57893424EA226135F670197B31B96B861BA05C0C4962AF5BC8D0FBCEE
Sheet1,127,111,Tile,Wisma sehati,Opus Under,,1,5,AVAILABLE,,,1AB11BD57893424EA226135F670197B31B96B861BA05C0C4962AF5BC8D0FBCEE
Sheet1,128,112,Tile,Wisma sehati,Elora stone light grey,,1,5,AVAILABLE,,,1AB11BD57893424EA226135F670197B31B96B861BA05C0C4962AF5BC8D0FBCEE
Sheet1,129,113,Tile,Wisma sehati,Rocky,Cream,1,5,AVAILABLE,,,1AB11BD57893424EA226135F670197B31B96B861BA05C0C4962AF5BC8D0FBCEE
Sheet1,130,114,Tile,Wisma sehati,Elora Gravel stone,Dark brown,1,5,AVAILABLE,,,1AB11BD57893424EA226135F670197B31B96B861BA05C0C4962AF5BC8D0FBCEE
Sheet1,131,115,Tile,Wisma sehati,Elora Stone Age,Beige,1,5,AVAILABLE,,,1AB11BD57893424EA226135F670197B31B96B861BA05C0C4962AF5BC8D0FBCEE
Sheet1,132,116,Tile,Wisma sehati,Galaxy brown rough,,1,5,AVAILABLE,,,1AB11BD57893424EA226135F670197B31B96B861BA05C0C4962AF5BC8D0FBCEE
Sheet1,133,117,Tile,Wisma sehati,Impac ivory,,1,5,AVAILABLE,,,1AB11BD57893424EA226135F670197B31B96B861BA05C0C4962AF5BC8D0FBCEE
Sheet1,134,118,Tile,Wisma sehati,lava,White matt,1,5,AVAILABLE,,,1AB11BD57893424EA226135F670197B31B96B861BA05C0C4962AF5BC8D0FBCEE
Sheet1,135,119,Tile,Wisma sehati,Ice stone brown gizmatt 2.0,,1,5,AVAILABLE,,,1AB11BD57893424EA226135F670197B31B96B861BA05C0C4962AF5BC8D0FBCEE
Sheet1,136,120,Tile,Niro,GHR 03,,1,6,BORROWED,Nofan,Sample untuk proyek CP,1AB11BD57893424EA226135F670197B31B96B861BA05C0C4962AF5BC8D0FBCEE
Sheet1,137,91,Tile,Wisma sehati,Allia Q9908D Antique stone,Dark grey,1,6,AVAILABLE,,,1AB11BD57893424EA226135F670197B31B96B861BA05C0C4962AF5BC8D0FBCEE
Sheet1,138,121,Tile,Niro,GIP 03,,1,6,AVAILABLE,,,1AB11BD57893424EA226135F670197B31B96B861BA05C0C4962AF5BC8D0FBCEE
Sheet1,139,122,Tile,Niro,GCA 01 MP,,1,6,AVAILABLE,,,1AB11BD57893424EA226135F670197B31B96B861BA05C0C4962AF5BC8D0FBCEE
Sheet1,140,123,Tile,Niro,GHR 05,,1,6,AVAILABLE,,,1AB11BD57893424EA226135F670197B31B96B861BA05C0C4962AF5BC8D0FBCEE
Sheet1,141,124,Tile,Niro,GNX 04,,1,6,AVAILABLE,,,1AB11BD57893424EA226135F670197B31B96B861BA05C0C4962AF5BC8D0FBCEE
Sheet1,142,125,Tile,Niro,GTZ 01,,1,6,AVAILABLE,,,1AB11BD57893424EA226135F670197B31B96B861BA05C0C4962AF5BC8D0FBCEE
Sheet1,143,126,Tile,Niro,GTE 05 MP,,1,6,AVAILABLE,,,1AB11BD57893424EA226135F670197B31B96B861BA05C0C4962AF5BC8D0FBCEE
Sheet1,144,127,Tile,Niro,GPB 05,,1,6,AVAILABLE,,,1AB11BD57893424EA226135F670197B31B96B861BA05C0C4962AF5BC8D0FBCEE
Sheet1,145,,Tile,Niro,Clay art GCA04,Matt,1,6,AVAILABLE,,,1AB11BD57893424EA226135F670197B31B96B861BA05C0C4962AF5BC8D0FBCEE
Sheet1,146,,Tile,Niro,Plar black GPB03 moon rock,Matt,1,6,AVAILABLE,,,1AB11BD57893424EA226135F670197B31B96B861BA05C0C4962AF5BC8D0FBCEE
Sheet1,147,,Tile,Niro,Urbane GUR05 Berlin,,1,6,AVAILABLE,,,1AB11BD57893424EA226135F670197B31B96B861BA05C0C4962AF5BC8D0FBCEE
Sheet1,148,,Tile,Granito,Stardust vesta,,1,6,AVAILABLE,,,1AB11BD57893424EA226135F670197B31B96B861BA05C0C4962AF5BC8D0FBCEE
Sheet1,149,,Tile,Granito,Stardust universe,,1,6,AVAILABLE,,,1AB11BD57893424EA226135F670197B31B96B861BA05C0C4962AF5BC8D0FBCEE
Sheet1,150,,Tile,Granito,Stardust minerva,,1,6,AVAILABLE,,,1AB11BD57893424EA226135F670197B31B96B861BA05C0C4962AF5BC8D0FBCEE
Sheet1,151,,Tile,Granito,Stardust moonlight,,1,6,AVAILABLE,,,1AB11BD57893424EA226135F670197B31B96B861BA05C0C4962AF5BC8D0FBCEE
Sheet1,152,,Tile,Granito,Stardust Pallas,,1,6,AVAILABLE,,,1AB11BD57893424EA226135F670197B31B96B861BA05C0C4962AF5BC8D0FBCEE
Sheet1,153,,Tile,Granito,Stardust Eris,,1,6,AVAILABLE,,,1AB11BD57893424EA226135F670197B31B96B861BA05C0C4962AF5BC8D0FBCEE
Sheet1,154,,Tile,Granito,Stardust Lyra,,1,6,AVAILABLE,,,1AB11BD57893424EA226135F670197B31B96B861BA05C0C4962AF5BC8D0FBCEE
Sheet1,155,145,Tile,Niro,GNL 01 mp,,1,7,BORROWED,Berkah,Di ambil mas ber,1AB11BD57893424EA226135F670197B31B96B861BA05C0C4962AF5BC8D0FBCEE
Sheet1,156,128,Tile,Guocera,Sugi grey wood,,1,7,AVAILABLE,,,1AB11BD57893424EA226135F670197B31B96B861BA05C0C4962AF5BC8D0FBCEE
Sheet1,157,129,Tile,Roman,GT612210R,Dalder maple,1,7,AVAILABLE,,,1AB11BD57893424EA226135F670197B31B96B861BA05C0C4962AF5BC8D0FBCEE
Sheet1,158,130,Tile,Roman,Douglas wood,,1,7,AVAILABLE,,,1AB11BD57893424EA226135F670197B31B96B861BA05C0C4962AF5BC8D0FBCEE
Sheet1,159,131,Tile,Roman,GT912201R,Beige,1,7,AVAILABLE,,,1AB11BD57893424EA226135F670197B31B96B861BA05C0C4962AF5BC8D0FBCEE
Sheet1,160,132,Tile,DPhaus,Terrazo blue chip,,1,7,AVAILABLE,,,1AB11BD57893424EA226135F670197B31B96B861BA05C0C4962AF5BC8D0FBCEE
Sheet1,161,133,Tile,Roman,Magnum terrazo,White,1,7,AVAILABLE,,,1AB11BD57893424EA226135F670197B31B96B861BA05C0C4962AF5BC8D0FBCEE
Sheet1,162,134,Tile,DPhaus,Terrazo palermo,,1,7,AVAILABLE,,,1AB11BD57893424EA226135F670197B31B96B861BA05C0C4962AF5BC8D0FBCEE
Sheet1,163,135,Tile,DPhaus,Trrazo pantone,,1,7,AVAILABLE,,,1AB11BD57893424EA226135F670197B31B96B861BA05C0C4962AF5BC8D0FBCEE
Sheet1,164,136,Tile,Roman,GT1225502R,,1,7,AVAILABLE,,,1AB11BD57893424EA226135F670197B31B96B861BA05C0C4962AF5BC8D0FBCEE
Sheet1,165,137,Tile,DPhaus,Teak Chik latte,Brown,1,7,AVAILABLE,,,1AB11BD57893424EA226135F670197B31B96B861BA05C0C4962AF5BC8D0FBCEE
Sheet1,166,138,Tile,DPhaus,Makore grey wood series,Grey,1,7,AVAILABLE,,,1AB11BD57893424EA226135F670197B31B96B861BA05C0C4962AF5BC8D0FBCEE
Sheet1,167,139,Tile,DPhaus,Makore coffee,grey,1,7,AVAILABLE,,,1AB11BD57893424EA226135F670197B31B96B861BA05C0C4962AF5BC8D0FBCEE
Sheet1,168,140,Tile,DPhaus,Makore coffee,,1,7,AVAILABLE,,,1AB11BD57893424EA226135F670197B31B96B861BA05C0C4962AF5BC8D0FBCEE
Sheet1,169,141,Tile,DPhaus,Makore grey wood series,,1,7,AVAILABLE,,,1AB11BD57893424EA226135F670197B31B96B861BA05C0C4962AF5BC8D0FBCEE
Sheet1,170,142,Tile,Roman,GT1225501R,,1,7,AVAILABLE,,,1AB11BD57893424EA226135F670197B31B96B861BA05C0C4962AF5BC8D0FBCEE
Sheet1,171,143,Tile,Quadra,Dolomiti Bianco,,1,7,AVAILABLE,,,1AB11BD57893424EA226135F670197B31B96B861BA05C0C4962AF5BC8D0FBCEE
Sheet1,172,144,Tile,Quadra,Statuario Marmi,,1,7,AVAILABLE,,,1AB11BD57893424EA226135F670197B31B96B861BA05C0C4962AF5BC8D0FBCEE
Sheet1,173,146,Tile,Niro,GGE 02 DC,,1,7,AVAILABLE,,,1AB11BD57893424EA226135F670197B31B96B861BA05C0C4962AF5BC8D0FBCEE
Sheet1,174,149,Tile,Niro,GNT 02 matt,,1,7,AVAILABLE,,,1AB11BD57893424EA226135F670197B31B96B861BA05C0C4962AF5BC8D0FBCEE
Sheet1,175,147,Tile,Titanium,Terrazo pompei,Grey,1,7,AVAILABLE,,,1AB11BD57893424EA226135F670197B31B96B861BA05C0C4962AF5BC8D0FBCEE
Sheet1,176,148,Tile,Elegenza,Nantucket,ash white,1,7,AVAILABLE,,,1AB11BD57893424EA226135F670197B31B96B861BA05C0C4962AF5BC8D0FBCEE
Sheet1,177,150,Tile,Niro,GCU 03 mp,Ash grey,1,7,AVAILABLE,,,1AB11BD57893424EA226135F670197B31B96B861BA05C0C4962AF5BC8D0FBCEE
Sheet1,178,151,Tile,Niro,GNL 01 mp,,1,7,AVAILABLE,,,1AB11BD57893424EA226135F670197B31B96B861BA05C0C4962AF5BC8D0FBCEE
Sheet1,179,152,Tile,Niro,Granulo GNL 01 Matt,,1,7,AVAILABLE,,,1AB11BD57893424EA226135F670197B31B96B861BA05C0C4962AF5BC8D0FBCEE
Sheet1,180,153,Tile,Niro,Granulo GNL 03,Bege,1,7,AVAILABLE,,,1AB11BD57893424EA226135F670197B31B96B861BA05C0C4962AF5BC8D0FBCEE
Sheet1,181,154,Tile,Roman,GT602136R,Dayton beige,1,7,BORROWED,berkah,,1AB11BD57893424EA226135F670197B31B96B861BA05C0C4962AF5BC8D0FBCEE
Sheet1,182,155,Tile,Elegenza,Nantucket,pine,1,7,AVAILABLE,,,1AB11BD57893424EA226135F670197B31B96B861BA05C0C4962AF5BC8D0FBCEE
Sheet1,183,156,Tile,DPhaus,Terrazo pantone,Lapato,1,7,BORROWED,berkah,,1AB11BD57893424EA226135F670197B31B96B861BA05C0C4962AF5BC8D0FBCEE
Sheet1,184,157,Tile,Wisma sehati,Opus terrazone almond,,1,7,AVAILABLE,,,1AB11BD57893424EA226135F670197B31B96B861BA05C0C4962AF5BC8D0FBCEE
Sheet1,185,158,Tile,Roman,GT915522R,Brown,1,7,BORROWED,berkah,,1AB11BD57893424EA226135F670197B31B96B861BA05C0C4962AF5BC8D0FBCEE
Sheet1,186,159,Tile,Venus,Takko pink ballerina wave glossy,Pink,1,7,AVAILABLE,,,1AB11BD57893424EA226135F670197B31B96B861BA05C0C4962AF5BC8D0FBCEE
Sheet1,187,160,Tile,Venus,Takko fancy pistachio wave glossy,,1,7,AVAILABLE,,,1AB11BD57893424EA226135F670197B31B96B861BA05C0C4962AF5BC8D0FBCEE
Sheet1,188,161,Tile,Venus,Takko haze red scarlet glossy,,1,7,AVAILABLE,,,1AB11BD57893424EA226135F670197B31B96B861BA05C0C4962AF5BC8D0FBCEE
Sheet1,189,162,Tile,Venus,Mosaico terracotta,Red,1,7,AVAILABLE,,,1AB11BD57893424EA226135F670197B31B96B861BA05C0C4962AF5BC8D0FBCEE
Sheet1,190,163,Tile,Venus,Mosaico,Green,1,7,AVAILABLE,,,1AB11BD57893424EA226135F670197B31B96B861BA05C0C4962AF5BC8D0FBCEE
Sheet1,191,164,Sample cat,,Dulux 21BG45/002,Alloy Touch,1,7,AVAILABLE,,,1AB11BD57893424EA226135F670197B31B96B861BA05C0C4962AF5BC8D0FBCEE
Sheet1,192,165,Sample cat,,Dulux 50YR75/111,Pink Chamagne,1,7,AVAILABLE,,,1AB11BD57893424EA226135F670197B31B96B861BA05C0C4962AF5BC8D0FBCEE
Sheet1,193,166,Sample cat,,Dulux 51YR83/054,French Manicure,1,7,AVAILABLE,,,1AB11BD57893424EA226135F670197B31B96B861BA05C0C4962AF5BC8D0FBCEE
Sheet1,194,167,Sample cat,,Dulux 20YY38/225,Sable Sands,1,7,AVAILABLE,,,1AB11BD57893424EA226135F670197B31B96B861BA05C0C4962AF5BC8D0FBCEE
Sheet1,195,168,Sample cat,,Black Satin,Black Satin,1,7,AVAILABLE,,,1AB11BD57893424EA226135F670197B31B96B861BA05C0C4962AF5BC8D0FBCEE
Sheet1,196,169,Sample cat,,Dulux 22YR18/488,Routelle Red,1,7,AVAILABLE,,,1AB11BD57893424EA226135F670197B31B96B861BA05C0C4962AF5BC8D0FBCEE
Sheet1,197,170,Sample cat,,,Dark Grey,1,7,AVAILABLE,,,1AB11BD57893424EA226135F670197B31B96B861BA05C0C4962AF5BC8D0FBCEE
Sheet1,198,171,Tile,Infiniti,Concrete stone,White,1,7,AVAILABLE,,,1AB11BD57893424EA226135F670197B31B96B861BA05C0C4962AF5BC8D0FBCEE
Sheet1,199,172,Tile,Infiniti,Cemento,Dark grey,1,7,AVAILABLE,,,1AB11BD57893424EA226135F670197B31B96B861BA05C0C4962AF5BC8D0FBCEE
Sheet1,200,173,Tile,Infiniti,Xenith,Cream,1,7,AVAILABLE,,,1AB11BD57893424EA226135F670197B31B96B861BA05C0C4962AF5BC8D0FBCEE
Sheet1,201,174,Tile,Infiniti,Pietro,Brown,1,7,AVAILABLE,,,1AB11BD57893424EA226135F670197B31B96B861BA05C0C4962AF5BC8D0FBCEE
Sheet1,202,175,Tile,Infiniti,Reggio,Grey,1,7,AVAILABLE,,,1AB11BD57893424EA226135F670197B31B96B861BA05C0C4962AF5BC8D0FBCEE
Sheet1,203,176,Tile,Infiniti,Terrazzo venice,Grey,1,7,AVAILABLE,,,1AB11BD57893424EA226135F670197B31B96B861BA05C0C4962AF5BC8D0FBCEE
Sheet1,204,177,Tile,Infiniti,Stone,White,1,7,AVAILABLE,,,1AB11BD57893424EA226135F670197B31B96B861BA05C0C4962AF5BC8D0FBCEE
Sheet1,205,178,Tile,Infiniti,Xenit,White,1,7,AVAILABLE,,,1AB11BD57893424EA226135F670197B31B96B861BA05C0C4962AF5BC8D0FBCEE
Sheet1,206,179,Tile,Infiniti,Campora,Grey,1,7,AVAILABLE,,,1AB11BD57893424EA226135F670197B31B96B861BA05C0C4962AF5BC8D0FBCEE
Sheet1,207,180,Tile,Infiniti,Botricello,Grey,1,7,AVAILABLE,,,1AB11BD57893424EA226135F670197B31B96B861BA05C0C4962AF5BC8D0FBCEE
Sheet1,208,181,Tile,Infiniti,Terrazzo venice,Grey,1,7,AVAILABLE,,,1AB11BD57893424EA226135F670197B31B96B861BA05C0C4962AF5BC8D0FBCEE
Sheet1,209,182,Tile,Infiniti,Terrazzo Terra,White,1,7,AVAILABLE,,,1AB11BD57893424EA226135F670197B31B96B861BA05C0C4962AF5BC8D0FBCEE
Sheet1,210,183,Tile,Infiniti,Terrazzo,Grey,1,7,AVAILABLE,,,1AB11BD57893424EA226135F670197B31B96B861BA05C0C4962AF5BC8D0FBCEE
Sheet1,211,184,Tile,Infiniti,Cemento,Black,1,7,AVAILABLE,,,1AB11BD57893424EA226135F670197B31B96B861BA05C0C4962AF5BC8D0FBCEE
Sheet1,212,185,Tile,Infiniti,Casoria,Black,1,7,AVAILABLE,,,1AB11BD57893424EA226135F670197B31B96B861BA05C0C4962AF5BC8D0FBCEE
Sheet1,213,186,Tile,Infiniti,Campora,Grey,1,7,AVAILABLE,,,1AB11BD57893424EA226135F670197B31B96B861BA05C0C4962AF5BC8D0FBCEE
Sheet1,214,187,Tile,Infiniti,Stone,Grey,1,7,AVAILABLE,,,1AB11BD57893424EA226135F670197B31B96B861BA05C0C4962AF5BC8D0FBCEE
Sheet1,215,188,Tile,Infiniti,Cemento,Dark grey,1,7,AVAILABLE,,,1AB11BD57893424EA226135F670197B31B96B861BA05C0C4962AF5BC8D0FBCEE
Sheet1,216,189,Tile,Infiniti,Benevento,Grey,1,7,AVAILABLE,,,1AB11BD57893424EA226135F670197B31B96B861BA05C0C4962AF5BC8D0FBCEE
Sheet1,217,190,Tile,Infiniti,Rotterdam,Cream,1,7,BORROWED,berkah,,1AB11BD57893424EA226135F670197B31B96B861BA05C0C4962AF5BC8D0FBCEE
Sheet1,218,191,Tile,Infiniti,Terrazzo venice,White,1,7,AVAILABLE,,,1AB11BD57893424EA226135F670197B31B96B861BA05C0C4962AF5BC8D0FBCEE
Sheet1,219,192,Tile,Infiniti,Reggio,Grey,1,7,AVAILABLE,,,1AB11BD57893424EA226135F670197B31B96B861BA05C0C4962AF5BC8D0FBCEE
Sheet1,220,193,Tile,Infiniti,Cemento,Grey,1,7,BORROWED,berkah,,1AB11BD57893424EA226135F670197B31B96B861BA05C0C4962AF5BC8D0FBCEE
Sheet1,221,194,Tile,Titanium,Travertino,White,1,7,AVAILABLE,,,1AB11BD57893424EA226135F670197B31B96B861BA05C0C4962AF5BC8D0FBCEE
Sheet1,222,195,Tile,Titanium,Portland,Dark grey,1,7,AVAILABLE,,,1AB11BD57893424EA226135F670197B31B96B861BA05C0C4962AF5BC8D0FBCEE
Sheet1,223,196,Tile,Titanium,Ceppo,Dark grey,1,7,AVAILABLE,,,1AB11BD57893424EA226135F670197B31B96B861BA05C0C4962AF5BC8D0FBCEE
Sheet1,224,197,Tile,Titanium,Malaga grigio,,1,7,AVAILABLE,,,1AB11BD57893424EA226135F670197B31B96B861BA05C0C4962AF5BC8D0FBCEE
Sheet1,225,198,Tile,Titanium,Vermont,Cream,1,7,AVAILABLE,,,1AB11BD57893424EA226135F670197B31B96B861BA05C0C4962AF5BC8D0FBCEE
Sheet1,226,199,Tile,Titanium,Armani Crema,,1,7,AVAILABLE,,,1AB11BD57893424EA226135F670197B31B96B861BA05C0C4962AF5BC8D0FBCEE
Sheet1,227,200,Wall finish,Bowe,Carving WPC,,1,7,AVAILABLE,,,1AB11BD57893424EA226135F670197B31B96B861BA05C0C4962AF5BC8D0FBCEE
Sheet1,228,201,Wall finish,Bowe,Highlight silver,,1,7,AVAILABLE,,,1AB11BD57893424EA226135F670197B31B96B861BA05C0C4962AF5BC8D0FBCEE
Sheet1,229,202,Wall finish,Bowe,Silver wire,,1,7,AVAILABLE,,,1AB11BD57893424EA226135F670197B31B96B861BA05C0C4962AF5BC8D0FBCEE
Sheet1,230,203,Wall finish,Bowe,Shining gold,,1,7,AVAILABLE,,,1AB11BD57893424EA226135F670197B31B96B861BA05C0C4962AF5BC8D0FBCEE
Sheet1,231,204,Wall finish,Mozza tile,Plaza glossy,Black,1,7,AVAILABLE,,,1AB11BD57893424EA226135F670197B31B96B861BA05C0C4962AF5BC8D0FBCEE
Sheet1,232,205,Wall finish,Mozza tile,Plaza Matte,Black,1,7,AVAILABLE,,,1AB11BD57893424EA226135F670197B31B96B861BA05C0C4962AF5BC8D0FBCEE
Sheet1,233,,Tile,Habibat,Cementi d Gris,,1,7,AVAILABLE,,,1AB11BD57893424EA226135F670197B31B96B861BA05C0C4962AF5BC8D0FBCEE
Sheet1,234,,Tile,Habibat,Cementi cream,,1,7,AVAILABLE,,,1AB11BD57893424EA226135F670197B31B96B861BA05C0C4962AF5BC8D0FBCEE
Sheet1,235,206,Tile,Titanium,Marlino Bianco,,1,8,AVAILABLE,,,1AB11BD57893424EA226135F670197B31B96B861BA05C0C4962AF5BC8D0FBCEE
Sheet1,236,207,Tile,Titanium,Cement White,,1,8,AVAILABLE,,,1AB11BD57893424EA226135F670197B31B96B861BA05C0C4962AF5BC8D0FBCEE
Sheet1,237,208,Tile,Titanium,Belgium Dark Grey,,1,8,AVAILABLE,,,1AB11BD57893424EA226135F670197B31B96B861BA05C0C4962AF5BC8D0FBCEE
Sheet1,238,209,Tile,Titanium,Verona Cream,,1,8,AVAILABLE,,,1AB11BD57893424EA226135F670197B31B96B861BA05C0C4962AF5BC8D0FBCEE
Sheet1,239,210,Tile,Titanium,Ardesia Grey,,1,8,AVAILABLE,,,1AB11BD57893424EA226135F670197B31B96B861BA05C0C4962AF5BC8D0FBCEE
Sheet1,240,211,Tile,Titanium,Portland Cream,,1,8,AVAILABLE,,,1AB11BD57893424EA226135F670197B31B96B861BA05C0C4962AF5BC8D0FBCEE
Sheet1,241,212,Tile,Titanium,Irish Verde,,1,8,AVAILABLE,,,1AB11BD57893424EA226135F670197B31B96B861BA05C0C4962AF5BC8D0FBCEE
Sheet1,242,213,Tile,Titanium,Vermont White,,1,8,AVAILABLE,,,1AB11BD57893424EA226135F670197B31B96B861BA05C0C4962AF5BC8D0FBCEE
Sheet1,243,214,Tile,Titanium,Marmeta White,,1,8,AVAILABLE,,,1AB11BD57893424EA226135F670197B31B96B861BA05C0C4962AF5BC8D0FBCEE
Sheet1,244,215,Tile,Titanium,Frost Bianco,,1,8,AVAILABLE,,,1AB11BD57893424EA226135F670197B31B96B861BA05C0C4962AF5BC8D0FBCEE
Sheet1,245,216,Tile,Titanium,Patagonia dorada,,1,8,AVAILABLE,,,1AB11BD57893424EA226135F670197B31B96B861BA05C0C4962AF5BC8D0FBCEE
Sheet1,246,217,Tile,Titanium,Windsor Grey,,1,8,AVAILABLE,,,1AB11BD57893424EA226135F670197B31B96B861BA05C0C4962AF5BC8D0FBCEE
Sheet1,247,218,Tile,Infiniti,Xyber Cream,,1,8,BORROWED,Andre,Sociolla garut,1AB11BD57893424EA226135F670197B31B96B861BA05C0C4962AF5BC8D0FBCEE
Sheet1,248,219,Tile,Infiniti,Terrazzo White,,1,8,BORROWED,Andre,Sociolla BCM medan,1AB11BD57893424EA226135F670197B31B96B861BA05C0C4962AF5BC8D0FBCEE
Sheet1,249,220,Tile,Infiniti,Xena Grey,,1,8,BORROWED,Andre,sociolla PCM surabaya,1AB11BD57893424EA226135F670197B31B96B861BA05C0C4962AF5BC8D0FBCEE
Sheet1,250,221,Tile,Infiniti,Roque Light Grey,,1,8,AVAILABLE,,,1AB11BD57893424EA226135F670197B31B96B861BA05C0C4962AF5BC8D0FBCEE
Sheet1,251,222,Tile,Infiniti,Romania Grey,,1,8,AVAILABLE,,,1AB11BD57893424EA226135F670197B31B96B861BA05C0C4962AF5BC8D0FBCEE
Sheet1,252,223,Tile,Infiniti,Reynosa Cream,,1,8,AVAILABLE,,,1AB11BD57893424EA226135F670197B31B96B861BA05C0C4962AF5BC8D0FBCEE
Sheet1,253,224,Tile,Infiniti,Royston Grey,,1,8,AVAILABLE,,,1AB11BD57893424EA226135F670197B31B96B861BA05C0C4962AF5BC8D0FBCEE
Sheet1,254,225,Tile,Infiniti,Ramsey Grey,,1,8,AVAILABLE,,,1AB11BD57893424EA226135F670197B31B96B861BA05C0C4962AF5BC8D0FBCEE
Sheet1,255,226,Tile,Infiniti,Remmy Cream,,1,8,AVAILABLE,,,1AB11BD57893424EA226135F670197B31B96B861BA05C0C4962AF5BC8D0FBCEE
Sheet1,256,227,Tile,Infiniti,Remmy Grey,,1,8,AVAILABLE,,,1AB11BD57893424EA226135F670197B31B96B861BA05C0C4962AF5BC8D0FBCEE
Sheet1,257,228,Tile,Infiniti,Rodman Cream,,1,8,AVAILABLE,,,1AB11BD57893424EA226135F670197B31B96B861BA05C0C4962AF5BC8D0FBCEE
Sheet1,258,229,Tile,Infiniti,Rodman Brown,,1,8,AVAILABLE,,,1AB11BD57893424EA226135F670197B31B96B861BA05C0C4962AF5BC8D0FBCEE
Sheet1,259,230,Tile,Infiniti,Reggio Grey,,1,8,AVAILABLE,,,1AB11BD57893424EA226135F670197B31B96B861BA05C0C4962AF5BC8D0FBCEE
Sheet1,260,231,Tile,Infiniti,Rotterdam Cream,,1,8,BORROWED,Andre,sociolla office,1AB11BD57893424EA226135F670197B31B96B861BA05C0C4962AF5BC8D0FBCEE
Sheet1,261,232,Tile,Infiniti,Reggio Cream,,1,8,AVAILABLE,,,1AB11BD57893424EA226135F670197B31B96B861BA05C0C4962AF5BC8D0FBCEE
Sheet1,262,233,Tile,Infiniti,Russel Grey,,1,8,AVAILABLE,,,1AB11BD57893424EA226135F670197B31B96B861BA05C0C4962AF5BC8D0FBCEE
Sheet1,263,234,Tile,Infiniti,Xena Beige,,1,8,AVAILABLE,,,1AB11BD57893424EA226135F670197B31B96B861BA05C0C4962AF5BC8D0FBCEE
Sheet1,264,235,Tile,Infiniti,Xenith White,,1,8,AVAILABLE,,,1AB11BD57893424EA226135F670197B31B96B861BA05C0C4962AF5BC8D0FBCEE
Sheet1,265,236,Tile,Infiniti,Xenith Cream,,1,8,AVAILABLE,,,1AB11BD57893424EA226135F670197B31B96B861BA05C0C4962AF5BC8D0FBCEE
Sheet1,266,237,Tile,Infiniti,Rugao Grey,,1,8,AVAILABLE,,,1AB11BD57893424EA226135F670197B31B96B861BA05C0C4962AF5BC8D0FBCEE
Sheet1,267,238,Tile,Infiniti,Reggio White,,1,8,AVAILABLE,,,1AB11BD57893424EA226135F670197B31B96B861BA05C0C4962AF5BC8D0FBCEE
Sheet1,268,239,Tile,Infiniti,Rotterdam Grey,,1,8,BORROWED,berkah,,1AB11BD57893424EA226135F670197B31B96B861BA05C0C4962AF5BC8D0FBCEE
Sheet1,269,240,Tile,Infiniti,Roque Grey,,1,8,AVAILABLE,,,1AB11BD57893424EA226135F670197B31B96B861BA05C0C4962AF5BC8D0FBCEE
Sheet1,270,241,Tile,Infiniti,Travertino Cream,,1,8,AVAILABLE,,,1AB11BD57893424EA226135F670197B31B96B861BA05C0C4962AF5BC8D0FBCEE
Sheet1,271,242,Tile,Infiniti,Dark Grey,,1,8,AVAILABLE,,,1AB11BD57893424EA226135F670197B31B96B861BA05C0C4962AF5BC8D0FBCEE
Sheet1,272,243,Tile,Infiniti,Terra Cream,,1,8,AVAILABLE,,,1AB11BD57893424EA226135F670197B31B96B861BA05C0C4962AF5BC8D0FBCEE
Sheet1,273,244,Tile,Infiniti,Terrazo Venice White,,1,8,BORROWED,berkah,,1AB11BD57893424EA226135F670197B31B96B861BA05C0C4962AF5BC8D0FBCEE
Sheet1,274,245,Tile,Infiniti,Moroccan,,1,8,AVAILABLE,,,1AB11BD57893424EA226135F670197B31B96B861BA05C0C4962AF5BC8D0FBCEE
Sheet1,275,246,Tile,Infiniti,Cascadia Natural,,1,8,AVAILABLE,,,1AB11BD57893424EA226135F670197B31B96B861BA05C0C4962AF5BC8D0FBCEE
Sheet1,276,247,Tile,Infiniti,Albacete Cream,,1,8,AVAILABLE,,,1AB11BD57893424EA226135F670197B31B96B861BA05C0C4962AF5BC8D0FBCEE
Sheet1,277,248,Tile,Infiniti,Cronos Grey,,1,8,AVAILABLE,,,1AB11BD57893424EA226135F670197B31B96B861BA05C0C4962AF5BC8D0FBCEE
Sheet1,278,249,Tile,Infiniti,Meteor Cream,,1,8,AVAILABLE,,,1AB11BD57893424EA226135F670197B31B96B861BA05C0C4962AF5BC8D0FBCEE
Sheet1,279,250,Tile,Infiniti,Pietro Black,,1,8,AVAILABLE,,,1AB11BD57893424EA226135F670197B31B96B861BA05C0C4962AF5BC8D0FBCEE
Sheet1,280,251,Tile,Infiniti,Pulpis Dark Brown,,1,8,AVAILABLE,,,1AB11BD57893424EA226135F670197B31B96B861BA05C0C4962AF5BC8D0FBCEE
Sheet1,281,252,Tile,Infiniti,Stone White,,1,8,AVAILABLE,,,1AB11BD57893424EA226135F670197B31B96B861BA05C0C4962AF5BC8D0FBCEE
Sheet1,282,253,Tile,Infiniti,Nolan Dark Grey,,1,8,AVAILABLE,,,1AB11BD57893424EA226135F670197B31B96B861BA05C0C4962AF5BC8D0FBCEE
Sheet1,283,254,Tile,Infiniti,Cromat White,,1,8,AVAILABLE,,,1AB11BD57893424EA226135F670197B31B96B861BA05C0C4962AF5BC8D0FBCEE
Sheet1,284,255,Tile,Infiniti,Montecarlo Grey,,1,8,AVAILABLE,,,1AB11BD57893424EA226135F670197B31B96B861BA05C0C4962AF5BC8D0FBCEE
Sheet1,285,256,Tile,Infiniti,Marfil Cream,,1,8,AVAILABLE,,,1AB11BD57893424EA226135F670197B31B96B861BA05C0C4962AF5BC8D0FBCEE
Sheet1,286,257,Tile,Infiniti,Olympia Grey,,1,8,AVAILABLE,,,1AB11BD57893424EA226135F670197B31B96B861BA05C0C4962AF5BC8D0FBCEE
Sheet1,287,258,Tile,Infiniti,Russel Grey,,1,8,AVAILABLE,,,1AB11BD57893424EA226135F670197B31B96B861BA05C0C4962AF5BC8D0FBCEE
Sheet1,288,259,Tile,Infiniti,Dark Brown,,1,8,AVAILABLE,,,1AB11BD57893424EA226135F670197B31B96B861BA05C0C4962AF5BC8D0FBCEE
Sheet1,289,260,Tile,Infiniti,Terrazzo Terra,Cream,1,8,AVAILABLE,,,1AB11BD57893424EA226135F670197B31B96B861BA05C0C4962AF5BC8D0FBCEE
Sheet1,290,261,Tile,Venus,Rustic,Lemon,1,8,AVAILABLE,,,1AB11BD57893424EA226135F670197B31B96B861BA05C0C4962AF5BC8D0FBCEE
